id,title,avatar,rating,snippet,likes,date,iso_date,response
bc43b81e-f8b2-4790-9406-eff549f3086f,Angelica Cortuna,https://play-lh.googleusercontent.com/a/ACg8ocLPkHq2ySijuIVBczk5nUniU89IPyMEnKfoe96Q7S4GxtOwuA=mo,5.0,áµ’áµ,0,"October 03, 2022",2022-10-03T06:24:12Z,
ba894cad-a5bb-4add-a007-c7ad9df7b674,A Google user,https://play-lh.googleusercontent.com/EGemoI2NTXmTsBVtJqk8jxF9rh8ApRWfsIMQSt2uE4OcpQqbFu7f7NbTK05lx80nuSijCz7sc3a277R67g,4.0,My kid really grasps the mechanics of the games,6,"June 06, 2018",2018-06-06T05:29:33Z,"{'title': 'Queleas LLC', 'snippet': 'Awesome. Thank you', 'date': 'June 06, 2018', 'iso_date': '2018-06-06T16:50:46Z'}"
0a99d443-a686-428a-8fdb-cb88c9e0cf4a,A Google user,https://play-lh.googleusercontent.com/EGemoI2NTXmTsBVtJqk8jxF9rh8ApRWfsIMQSt2uE4OcpQqbFu7f7NbTK05lx80nuSijCz7sc3a277R67g,5.0,Very simple and helped my son,3,"February 16, 2020",2020-02-16T05:39:56Z,"{'title': 'Queleas LLC', 'snippet': 'Thanks a lot', 'date': 'February 16, 2020', 'iso_date': '2020-02-16T14:51:26Z'}"
10b228ab-b58f-41cb-84d9-6f1d874719d3,Cindy Heleringer,https://play-lh.googleusercontent.com/a/ACg8ocIikQn2Gk9tpoF8ejaLk4vjd6PBuJLNhh09dpCIlKAWDVWN1A=mo,4.0,Fun,1,"September 07, 2022",2022-09-07T19:00:28Z,
0c84dd12-4a8d-4331-95de-31c0ede29aa8,Rodda Pattabhi,https://play-lh.googleusercontent.com/a/ACg8ocKHFFJuAWRkJrk_TBUCRw9EiCD9-q7zdCiS2KY9JI_wjCIPDg=mo,5.0,TEJASWINI,0,"February 15, 2023",2023-02-15T15:11:06Z,
d1a7056c-4784-410c-8e43-b59bbe282d45,Sachin Bhise,https://play-lh.googleusercontent.com/a/ACg8ocKntDbHrWHMAlV3UXaZeHmDowr6abHIPDoILuND8JbQweOdbw=mo,5.0,Very nice,0,"September 17, 2023",2023-09-17T18:03:56Z,"{'title': 'RV AppStudios', 'snippet': 'Thank you. We are happy to know you like it. Please do check out our other games.', 'date': 'October 03, 2023', 'iso_date': '2023-10-03T10:32:34Z'}"
c281cf64-a450-43f0-9f4a-1294e1e9b899,Mohsin siddiqui,https://play-lh.googleusercontent.com/a-/ALV-UjXmBo7X_zwHPqOzSItpjCrhr4DlwdrYA9_MUEHvGgBWWb5MzC1n,5.0,Very good,0,"December 07, 2022",2022-12-07T14:38:22Z,"{'title': 'RV AppStudios', 'snippet': 'Thank you very much for your 5-star review!!!', 'date': 'December 09, 2022', 'iso_date': '2022-12-09T09:04:47Z'}"
9d4978a1-3c45-492b-9f2c-29fbfff6a84d,A Google user,https://play-lh.googleusercontent.com/EGemoI2NTXmTsBVtJqk8jxF9rh8ApRWfsIMQSt2uE4OcpQqbFu7f7NbTK05lx80nuSijCz7sc3a277R67g,1.0,"So frustrating, tons of ads",1,"April 16, 2020",2020-04-16T20:51:36Z,
f8f3a23f-b16f-4442-a699-ccdb16b65cbf,Koko Lay,https://play-lh.googleusercontent.com/a/ACg8ocJ09NVeKwDkTsHrepPoE6VUgith7WwAoDduGaBb-5iB1lelcA=mo,1.0,LoveğŸ˜ƒğŸ˜ğŸ˜ğŸ˜ğŸ˜ğŸ˜ğŸ˜ƒğŸ˜ƒğŸ˜ƒğŸ˜ƒ,1,"October 07, 2022",2022-10-07T12:00:31Z,
e6c16f13-8325-4aa0-9942-c12383d35ffb,A Google user,https://play-lh.googleusercontent.com/EGemoI2NTXmTsBVtJqk8jxF9rh8ApRWfsIMQSt2uE4OcpQqbFu7f7NbTK05lx80nuSijCz7sc3a277R67g,5.0,My son loved it a lot.,10,"June 08, 2018",2018-06-08T22:20:04Z,"{'title': 'Queleas LLC', 'snippet': 'Amazing.. thank you', 'date': 'June 09, 2018', 'iso_date': '2018-06-09T00:42:52Z'}"
dd5cc2ec-4144-4003-b5a0-710cee288c4d,Laura Daniela Vega,https://play-lh.googleusercontent.com/a/ACg8ocIMv8xcY41uFFPhKtip3rnXPzlQ_OYc5TPuUkCd8FCTOWIHrw=mo,5.0,fabulosa,0,"April 24, 2023",2023-04-24T23:06:12Z,"{'title': 'RV AppStudios', 'snippet': 'Nos alegra que te agrade.', 'date': 'April 26, 2023', 'iso_date': '2023-04-26T11:59:57Z'}"
76e7b73a-6f4c-4543-a3c4-a3d6b1d91bdf,Khabita Bishkarma,https://play-lh.googleusercontent.com/a/ACg8ocKbSM_KhRFZfuql1Ty_NMdra9XiDtCEuGAo7yO_ajfc-jO-gQ=mo,3.0,Top,0,"February 16, 2023",2023-02-16T09:58:04Z,"{'title': 'RV AppStudios', 'snippet': 'ğŸ˜­ why 3 star? Can you give 5 star if you like game? Every review matters. ğŸ™ ğŸ˜­ğŸ˜”ğŸ˜”ğŸ˜”ğŸ˜”ğŸ˜”ğŸ˜”ğŸ˜”', 'date': 'February 16, 2023', 'iso_date': '2023-02-16T12:01:17Z'}"
ea52dbb4-b7f2-41e2-adb3-1e1160929ef3,A Google user,https://play-lh.googleusercontent.com/EGemoI2NTXmTsBVtJqk8jxF9rh8ApRWfsIMQSt2uE4OcpQqbFu7f7NbTK05lx80nuSijCz7sc3a277R67g,5.0,Awesome app,1,"November 19, 2017",2017-11-19T01:43:35Z,"{'title': 'Queleas LLC', 'snippet': 'Thank you so much..', 'date': 'November 19, 2017', 'iso_date': '2017-11-19T02:51:25Z'}"
6731ac77-1d2a-485d-8051-f3b37127d1dd,Hanumantha Nayak,https://play-lh.googleusercontent.com/a/ACg8ocI0G30xWwOMaTIaGSl1HNUxqq6EOfP0hQnwUZVlQ3T03M8ShQ=mo,5.0,à²…à²­à²¿à²¨à²‚à²¦à²¨à³†à²—à²³à³,0,"August 09, 2024",2024-08-09T16:43:37Z,
8fbd754a-fcb2-4492-b1d9-e32b32290774,A Google user,https://play-lh.googleusercontent.com/EGemoI2NTXmTsBVtJqk8jxF9rh8ApRWfsIMQSt2uE4OcpQqbFu7f7NbTK05lx80nuSijCz7sc3a277R67g,1.0,not cool,0,"July 02, 2019",2019-07-02T14:27:37Z,"{'title': 'Queleas LLC', 'snippet': 'Sorry to hear that. Is it anything that we can improve to make your experience better?? Thanks', 'date': 'July 02, 2019', 'iso_date': '2019-07-02T16:08:17Z'}"
e3132449-64f5-4050-af97-63bf9af5deb4,Kisa Nass,https://play-lh.googleusercontent.com/a/ACg8ocIXEMdP-OKZVOQBpFq9NO1tZlUh-lhWQ0DmgT-LBCpmHZoxzw=mo,1.0,ğŸ‘ğŸ™ğŸ’–,15,"April 25, 2022",2022-04-25T08:35:42Z,"{'title': 'RV AppStudios', 'snippet': 'ğŸ˜­ why 1 star? If you like it, will you consider giving a 5 star?', 'date': 'April 26, 2022', 'iso_date': '2022-04-26T08:01:39Z'}"
96ffbb41-8858-4bca-8069-a67cd1f98f8d,Lalita Modi,https://play-lh.googleusercontent.com/a/ACg8ocKO7d6SqEVUv_KPi8h4PIRtmFcCz_p35zxZln9MXhCrRlA0kA=mo,5.0,Nice game ğŸ‘ğŸ®,0,"August 20, 2024",2024-08-20T11:43:43Z,
f7590cbb-48a3-4a4a-839c-540dcc2430bc,nduwimana mariam,https://play-lh.googleusercontent.com/a-/ALV-UjXi4tzq6iP6PgLMJwTKXjiMK1DkEFYbyFy-ONh_U9O-Bm6d8zxE,3.0,Fool,1,"June 13, 2022",2022-06-13T19:21:06Z,"{'title': 'RV AppStudios', 'snippet': 'ğŸ˜”ğŸ˜”ğŸ˜” why 3 star for a free app for kids? What can we improve?', 'date': 'June 14, 2022', 'iso_date': '2022-06-14T10:32:59Z'}"
be7482f3-8800-4786-8c81-f6bcdd23adf6,Leticia Baah,https://play-lh.googleusercontent.com/a/ACg8ocIyIFfN2ljx4PYysS2orwxG__AxmGrA2kRRS2Xq3-gcqug95w=mo,5.0,It's good for children,0,"May 06, 2024",2024-05-06T17:38:03Z,
e9962310-1b5c-4e2a-bef9-eefdfbca8f28,A Google user,https://play-lh.googleusercontent.com/EGemoI2NTXmTsBVtJqk8jxF9rh8ApRWfsIMQSt2uE4OcpQqbFu7f7NbTK05lx80nuSijCz7sc3a277R67g,5.0,Great,0,"May 13, 2019",2019-05-13T05:17:30Z,"{'title': 'Queleas LLC', 'snippet': 'Thanks', 'date': 'May 13, 2019', 'iso_date': '2019-05-13T11:03:33Z'}"
db7fb5a3-1841-40d2-b3ac-af430a909c0c,Gladys Ngcobo,https://play-lh.googleusercontent.com/a/ACg8ocLpJUQvH55DwiLhNxCFs-DjsFmoBoPjFKRk8BWK6jo0Awm9=mo,1.0,Wetezkae,0,"June 14, 2024",2024-06-14T08:48:38Z,
abe6a0dd-6a60-4414-9fba-6d31d6c30f92,Rujesh Tripura,https://play-lh.googleusercontent.com/a/ACg8ocK4uaoraMzHUHxKeR24dGiDTUBwmmZkBQcP6ruRBnLjb1sZLw=mo,5.0,KidsGames..ForTod...,0,"August 16, 2024",2024-08-16T09:13:06Z,
5b7a985e-6136-4911-b64f-df13a9303d73,Tiffiny Derevage,https://play-lh.googleusercontent.com/a-/ALV-UjVXZ-Kt28spxNJkRBy5DzwCyfJR4lv3WmEp1e8k4IHqqNvoIwN8,2.0,Son liked it but left handed and couldn't move the way its supposed to. Made him lose on stars. Also availability games wern available. Unsubscribe,4,"July 10, 2021",2021-07-10T02:52:51Z,
a7d3a2e2-f1cd-47c2-b840-753a59f1ccef,Dipannita Banerjee,https://play-lh.googleusercontent.com/a-/ALV-UjWWaEZsLMc3Jlqvl8qR7KS4zhV9DRgP3UwmRUbbzmOJhe2hVw,5.0,Nice game,0,"May 24, 2023",2023-05-24T17:20:14Z,"{'title': 'RV AppStudios', 'snippet': 'Thank you. We are happy to know you like it. Please do check out our other games.', 'date': 'May 25, 2023', 'iso_date': '2023-05-25T07:18:01Z'}"
882e4c3f-746e-40bb-bedc-8b4acd3e48a5,Daisy Briones,https://play-lh.googleusercontent.com/a-/ALV-UjUpfTov8nPIN-pj52Qvu2HfXYdm2csslY_Uu2Hr-YaKdsjcpoEM,3.0,Nice,1,"October 20, 2022",2022-10-20T15:02:43Z,"{'title': 'RV AppStudios', 'snippet': 'ğŸ˜­ why 3 star? Can you give 5 star if you like game? Every review matters. ğŸ™ ğŸ˜­ğŸ˜”ğŸ˜”ğŸ˜”ğŸ˜”ğŸ˜”ğŸ˜”ğŸ˜”', 'date': 'October 21, 2022', 'iso_date': '2022-10-21T08:37:45Z'}"
69aa2505-1418-4640-8e3a-6b5f87d2cc29,Sameer thakur Sa meer Thakur,https://play-lh.googleusercontent.com/a/ACg8ocKGKqcMAtFBBNd0ChNj0EDztrEJHxi6NfDZa7CA6OjS4os4JQ=mo,5.0,Verry good,6,"May 08, 2022",2022-05-08T15:01:37Z,"{'title': 'RV AppStudios', 'snippet': 'Thank you very much for your 5-star review!!!', 'date': 'May 09, 2022', 'iso_date': '2022-05-09T13:31:27Z'}"
907118c7-80e3-471b-aa5c-3cf9d875a7bf,Suresh Suresh,https://play-lh.googleusercontent.com/a/ACg8ocKQUb9wk7F5krkflsYv9tlt1krBk-yDpK1Z0wJufZahQd65QQ=mo,4.0,very good,0,"September 12, 2023",2023-09-12T12:02:46Z,"{'title': 'RV AppStudios', 'snippet': 'We are glad you liked the app. We request you to give us a 5-star rating as it is the best encouragement for our team.', 'date': 'September 14, 2023', 'iso_date': '2023-09-14T08:19:29Z'}"
bc1b269e-4c30-459a-9d5b-27d3786262d5,Fri Khan,https://play-lh.googleusercontent.com/a-/ALV-UjW7yjxoaOn-D2cVjqI3U4mZXx_PrwhzYNFeRc4-4dqq848cadhc,5.0,Awsm,0,"April 07, 2024",2024-04-07T05:57:44Z,
2961286b-dc02-46d2-9f6e-c7f4210f0e09,Aljiver Sarapuddin,https://play-lh.googleusercontent.com/a-/ALV-UjXoXcz2shFYQB65zd6t3BEGfxBosXN8ZDasBQfMXK1f005f3P0,5.0,Body verder,0,"May 27, 2024",2024-05-27T18:56:14Z,
c660c301-ef57-4760-8476-4c5c2568f8b9,A Google user,https://play-lh.googleusercontent.com/EGemoI2NTXmTsBVtJqk8jxF9rh8ApRWfsIMQSt2uE4OcpQqbFu7f7NbTK05lx80nuSijCz7sc3a277R67g,5.0,Love it,1,"October 09, 2018",2018-10-09T01:15:51Z,"{'title': 'Queleas LLC', 'snippet': 'Thank you.', 'date': 'October 09, 2018', 'iso_date': '2018-10-09T02:22:35Z'}"
09811630-32f8-450e-88d1-2eb231437be8,A Google user,https://play-lh.googleusercontent.com/EGemoI2NTXmTsBVtJqk8jxF9rh8ApRWfsIMQSt2uE4OcpQqbFu7f7NbTK05lx80nuSijCz7sc3a277R67g,5.0,My brother is learning more about this app,0,"April 26, 2020",2020-04-26T05:39:11Z,"{'title': 'Queleas LLC', 'snippet': 'Thanks s lot', 'date': 'April 26, 2020', 'iso_date': '2020-04-26T12:32:37Z'}"
ed07e8fb-a306-4748-832a-d4d3d338dffd,Kavya R,https://play-lh.googleusercontent.com/a/ACg8ocJSVXR2DGpMmBwULKrGx5YdrOQDmVQcwD2KFlSLwISgnH7t3A=mo,5.0,Awesome,0,"March 28, 2023",2023-03-28T05:31:40Z,"{'title': 'RV AppStudios', 'snippet': 'Thank you very much for your 5-star review!!!', 'date': 'March 28, 2023', 'iso_date': '2023-03-28T11:04:27Z'}"
d8cf29bf-1e3a-4b0d-a760-47dbd48a2c20,Arif Khawaja,https://play-lh.googleusercontent.com/a/ACg8ocIQ3Ltru7_UA_V7fWJHM2a_fKd8Eu_OQ0tPpS-777A8TrpLXw=mo,5.0,Rehan,0,"April 15, 2023",2023-04-15T19:55:50Z,
ff50f8c5-173a-4862-b987-a26aebe857c6,A Google user,https://play-lh.googleusercontent.com/EGemoI2NTXmTsBVtJqk8jxF9rh8ApRWfsIMQSt2uE4OcpQqbFu7f7NbTK05lx80nuSijCz7sc3a277R67g,5.0,my son loves it,0,"July 28, 2019",2019-07-28T08:55:52Z,"{'title': 'Queleas LLC', 'snippet': 'Thank you soo much for the review..', 'date': 'July 28, 2019', 'iso_date': '2019-07-28T11:18:17Z'}"
613786b3-a7b1-4157-b966-eae0f837eb1b,Sharmin Hoque,https://play-lh.googleusercontent.com/a/ACg8ocJMWnwFxBEbMEd8zyOuJaHZm7xtM3WCiswMuWqxyk41AzViTg=mo,5.0,ğŸª½â™¥ï¸ğŸï¸âœˆï¸zxxxxxc,0,"June 01, 2024",2024-06-01T10:53:37Z,
f5e3fae8-0559-4497-a138-718d09d83ec0,Varshana M,https://play-lh.googleusercontent.com/a/ACg8ocI_z_RWotx3t_Fgq0cWVhkgFfMYlD8j2mAe8pwYyV6VSQ-p0A=mo,5.0,Super,0,"April 11, 2023",2023-04-11T15:22:19Z,"{'title': 'RV AppStudios', 'snippet': 'Thank you for your support.', 'date': 'April 12, 2023', 'iso_date': '2023-04-12T08:26:08Z'}"
ed5c9854-62d4-42dc-a0c1-4c9c3d8b2bed,A Google user,https://play-lh.googleusercontent.com/EGemoI2NTXmTsBVtJqk8jxF9rh8ApRWfsIMQSt2uE4OcpQqbFu7f7NbTK05lx80nuSijCz7sc3a277R67g,1.0,Just downloaded and it is not working.,1,"April 18, 2019",2019-04-18T18:50:29Z,
61c7724b-0e21-4c99-8817-c4b47c10be3a,Girija Mohanan,https://play-lh.googleusercontent.com/a/ACg8ocJMVano3oy08ezvvxFW0jXj1J7wEqd0jccdDy-9qjFtX90N0Q=mo,5.0,This game is very use full for children.it provide read learning. I like and my chidrens like very much.,0,"September 17, 2024",2024-09-17T13:51:13Z,
0bfbf64c-d254-4abb-b379-21538d609a77,Naina Devi,https://play-lh.googleusercontent.com/a/ACg8ocLKUT4mu2nmgu9bJzDKyFWuCXz7yaKTaIearWPG9wcnF4yvHw=mo,5.0,à¤µà¥€à¤• à¤¬à¤¨à¤¨à¥‡ à¤¸à¥‡ à¤œà¥‡ à¤à¤¸ à¤à¤® à¤•à¥ƒà¤·à¥à¤£à¤¾ à¤¹à¤°à¥‡ à¤¹à¤°à¥‡ à¤¹à¤°à¥‡ à¤ªà¥à¤°à¤•à¤¾à¤¶ à¤•à¥‹ à¤…à¤ªà¤¨à¥‡ à¤¹à¥‹à¤‚à¤ à¥‹à¤‚ à¤¨à¥‡ à¤…à¤ªà¤¨à¥€ à¤«à¤¿à¤²à¥à¤® à¤¸à¤®à¥€à¤•à¥à¤·à¤¾ à¤ªà¥‚à¤°à¥€ à¤¨à¤¹à¥€à¤‚ à¤¹à¥à¤ˆà¤‚ à¤µà¤¿à¤¦à¥à¤¯à¤¾,0,"September 21, 2022",2022-09-21T13:34:17Z,
6aadec8c-a705-41c1-a171-ed4b32c653c8,Mallika Mallika,https://play-lh.googleusercontent.com/a/ACg8ocIUtiTjqC1MKv9VkmWdGYIzcrg0eTGMb1GOP5Dq-b8pXP7jVw=mo,4.0,ğŸ’¯ğŸ’¯ğŸ’¯ğŸ”¥ğŸ”¥ğŸ”¥ğŸ”¥ğŸ’•ğŸ’•ğŸ’•ğŸ˜ğŸŒ¹ğŸ˜‹ğŸ’ğŸ’¤ğŸ‘ğŸ¤˜ğŸ¤ŸğŸ¤˜ Mallikamallika,0,"May 03, 2023",2023-05-03T03:14:20Z,
f524bf88-b0b8-43cb-a699-678bc331c194,A Google user,https://play-lh.googleusercontent.com/EGemoI2NTXmTsBVtJqk8jxF9rh8ApRWfsIMQSt2uE4OcpQqbFu7f7NbTK05lx80nuSijCz7sc3a277R67g,5.0,Very easy for my 2yr old,2,"August 04, 2017",2017-08-04T19:50:25Z,"{'title': 'Queleas LLC', 'snippet': 'Awesome.. Thanks a lot for the review', 'date': 'August 04, 2017', 'iso_date': '2017-08-04T19:57:46Z'}"
1fa86408-24c9-426c-999b-330087316d63,Lonny Sakaria,https://play-lh.googleusercontent.com/a/ACg8ocKZguNcEm2a1bLfvdQcjdYZuMmoruWwgdSy-oYJUs7Vhuy4UA=mo,3.0,Very good,0,"February 12, 2023",2023-02-12T15:20:55Z,"{'title': 'RV AppStudios', 'snippet': 'ğŸ˜­ why 3 star? Can you give 5 star if you like game? Every review matters. ğŸ™ ğŸ˜­ğŸ˜”ğŸ˜”ğŸ˜”ğŸ˜”ğŸ˜”ğŸ˜”ğŸ˜”', 'date': 'February 14, 2023', 'iso_date': '2023-02-14T12:14:13Z'}"
aa6638bd-1d66-4f93-857c-8128267e5e24,Lovely Dultra,https://play-lh.googleusercontent.com/a/ACg8ocKF9uGnYaQoD7XDj8buwBtKeXvBTw2bRXh5t6QI9f-dAp6EqA=mo,5.0,Love it ..,0,"December 04, 2022",2022-12-04T05:31:06Z,"{'title': 'RV AppStudios', 'snippet': 'Thanks for your love.', 'date': 'December 09, 2022', 'iso_date': '2022-12-09T08:57:16Z'}"
b6801703-148f-4969-a4e7-42b787cc52fa,Ssempiira George William,https://play-lh.googleusercontent.com/a-/ALV-UjVpFvkbT97b-GWTmtsQIbE268KHBJMmbuoRpUzW3mwOPaRrl7_Z,5.0,Good,0,"January 14, 2023",2023-01-14T07:56:23Z,"{'title': 'RV AppStudios', 'snippet': 'Thank you very much for your 5-star review!!!', 'date': 'January 17, 2023', 'iso_date': '2023-01-17T13:40:56Z'}"
36ed9724-68cf-4a88-9236-db0ebe185bdf,Vakiti Ayya swamy Ayya swamy,https://play-lh.googleusercontent.com/a/ACg8ocI0iBxortjtCvTj6MsECEcFCCaPIoqVfZyBFS7FATr9YIZ8JQ=mo,1.0,Waste game,1,"February 24, 2023",2023-02-24T14:09:40Z,"{'title': 'RV AppStudios', 'snippet': ""ğŸ˜±ğŸ˜­â“ 1 star is really bad, let us know what you didn't like."", 'date': 'February 27, 2023', 'iso_date': '2023-02-27T07:32:51Z'}"
7270510c-182d-4f01-a753-0e5e97ff105c,Tirtha Brahma,https://play-lh.googleusercontent.com/a-/ALV-UjVx4rK8RPLjzr7P90MAXhhkTi18y1O9XbpOH3tnjfEepppPZIk,5.0,Mojja,0,"July 04, 2022",2022-07-04T13:50:00Z,
ffb03321-9348-4ad5-9762-d81feb3fa605,Chioma Amam,https://play-lh.googleusercontent.com/a/ACg8ocJnGtCaihONnoKT-HrEKCU4zC-WqIHI_DShRHWzD4kGLHZv3Q=mo,5.0,Very good,0,"December 23, 2022",2022-12-23T12:29:49Z,"{'title': 'RV AppStudios', 'snippet': 'Thank you very much for your 5-star review!!!', 'date': 'December 26, 2022', 'iso_date': '2022-12-26T10:03:48Z'}"
e23efaae-8468-4b90-8a8c-2d897bca9594,Ashish. Shrivastav Shrivastav,https://play-lh.googleusercontent.com/a-/ALV-UjVq4cD_4zBoStTvh-elu_jr3AUQgVS6hq4CG1q6GlgrxJQAB0Xx,1.0,Great,1,"October 30, 2022",2022-10-30T10:29:51Z,"{'title': 'RV AppStudios', 'snippet': 'â˜¹ï¸ğŸ˜­ğŸ˜­ - Did you know you gave 1 ğŸŒŸâ“ One star means very bad, can you please update to 5 star please ğŸ™. Every review matters to us and it would really encourage us if you can update the review. Thank you for playing.', 'date': 'November 02, 2022', 'iso_date': '2022-11-02T07:14:12Z'}"
8915127e-0b5a-491e-a019-bc67647ad679,A Google user,https://play-lh.googleusercontent.com/EGemoI2NTXmTsBVtJqk8jxF9rh8ApRWfsIMQSt2uE4OcpQqbFu7f7NbTK05lx80nuSijCz7sc3a277R67g,1.0,It have a great games but it is lock .So bad game,9,"February 02, 2020",2020-02-02T17:53:31Z,"{'title': 'Queleas LLC', 'snippet': 'You can still play 5 free games. Thank you.', 'date': 'February 02, 2020', 'iso_date': '2020-02-02T18:05:11Z'}"
a6e575c1-842d-4ca1-952c-d658f8a60cab,Riaz â€œBhuttoâ€ Sahir,https://play-lh.googleusercontent.com/a/ACg8ocLyXqnAhLYGZjtdM6c8SelMO-CSerYB72H7z-Rb1L_v9bU6-g=mo,5.0,Awesome,0,"November 03, 2022",2022-11-03T15:13:43Z,"{'title': 'RV AppStudios', 'snippet': 'Thank you very much for your 5-star review!!!', 'date': 'November 05, 2022', 'iso_date': '2022-11-05T08:19:52Z'}"
0fbbe181-4a56-46b7-b2c7-db8b652b63db,Nabwoba Madia,https://play-lh.googleusercontent.com/a/ACg8ocIDlFHqU8sxIOymlU65IHUNcWu2ba2442fRV_TLNg8Brx7jGA=mo,5.0,Good,10,"April 23, 2022",2022-04-23T09:18:23Z,"{'title': 'RV AppStudios', 'snippet': 'Thank you very much for your 5-star review!!!', 'date': 'April 25, 2022', 'iso_date': '2022-04-25T07:11:44Z'}"
efc32d63-1dc2-43be-a163-878b988a5dea,Maricris Pamintuan,https://play-lh.googleusercontent.com/a-/ALV-UjUO82-zmDre_l4n3efR8A-clMaBUfx5-v5Q-EWK-wpZ2ED-YC8,5.0,Highquality,0,"March 07, 2023",2023-03-07T22:37:30Z,"{'title': 'RV AppStudios', 'snippet': 'Thank you so much for your encouraging star ratings!', 'date': 'March 09, 2023', 'iso_date': '2023-03-09T09:35:23Z'}"
94da69fc-06f7-4e7f-b9e0-d43318e35209,A Google user,https://play-lh.googleusercontent.com/EGemoI2NTXmTsBVtJqk8jxF9rh8ApRWfsIMQSt2uE4OcpQqbFu7f7NbTK05lx80nuSijCz7sc3a277R67g,3.0,Not a big fan of this app.. there's too many better option to look for kids. Good luck,15,"February 27, 2018",2018-02-27T20:07:33Z,"{'title': 'Queleas LLC', 'snippet': 'Thank you so much.. Do you have any ideas on how to improve the game? Thanks a lot.', 'date': 'February 27, 2018', 'iso_date': '2018-02-27T21:01:28Z'}"
03ebc964-3182-4d6f-a3fb-e032ea997de7,Soni Sirohi,https://play-lh.googleusercontent.com/a/ACg8ocLxbZFnLE3qbGQrdkfqWR86onv4j58Ikl5W61_s_7dwy6GoNw=mo,5.0,Aaditya sirohi jaat,0,"October 05, 2022",2022-10-05T14:45:02Z,
b54007df-7f78-49df-a1cf-5e59075ec862,Bananat Raggera,https://play-lh.googleusercontent.com/a/ACg8ocLXds8j_rSKxErwWvMtKvYN6RonT6uriDWldT_5QLoxngM4wQ=mo,4.0,Good,0,"January 24, 2024",2024-01-24T03:44:15Z,"{'title': 'RV AppStudios', 'snippet': 'Thanks for your review. Glad to see that you liked the app. We would love to get a 5 star rating from you. Do share with your friends and keep playing!', 'date': 'January 25, 2024', 'iso_date': '2024-01-25T08:10:33Z'}"
45172909-a5ad-4fef-8163-98902a34e9d1,A Google user,https://play-lh.googleusercontent.com/EGemoI2NTXmTsBVtJqk8jxF9rh8ApRWfsIMQSt2uE4OcpQqbFu7f7NbTK05lx80nuSijCz7sc3a277R67g,4.0,Nice game for kids,7,"July 12, 2018",2018-07-12T11:27:56Z,"{'title': 'Queleas LLC', 'snippet': 'Thank you', 'date': 'July 12, 2018', 'iso_date': '2018-07-12T16:03:19Z'}"
d350c749-27c2-45cd-ae55-86dcd3ecf60e,Shubham Neelam,https://play-lh.googleusercontent.com/a/ACg8ocIIkoDyAVMgzBxy2jQrxJKUrO6b848JBYI8kv5JhuuuKnmyMA=mo,5.0,Nice game,0,"February 19, 2024",2024-02-19T05:15:57Z,
835014e2-47dc-4443-b0cf-20d4526f2080,Ijayne Mirones,https://play-lh.googleusercontent.com/a/ACg8ocId4HYe-YLguENeGLVkVvBVj1sMLyFhdiV5lnFj268_SOMZZA=mo,3.0,Beautiful,2,"July 04, 2022",2022-07-04T13:16:17Z,"{'title': 'RV AppStudios', 'snippet': 'ğŸ˜­ why 3 star? Can you give 5 star if you like game? Every review matters. ğŸ™ ğŸ˜­ğŸ˜”ğŸ˜”ğŸ˜”ğŸ˜”ğŸ˜”ğŸ˜”ğŸ˜”', 'date': 'July 05, 2022', 'iso_date': '2022-07-05T06:55:08Z'}"
db95bcf8-5058-4647-b5c4-ceab636e65c5,Ariyan Biswas,https://play-lh.googleusercontent.com/a-/ALV-UjUrHLuy13s_hapd-IiOb14O36nO8MjZqDpmYq7C7WtwlS7J5xgi,5.0,Good,0,"February 22, 2023",2023-02-22T04:33:35Z,
b2d1eebd-0341-4cc8-873a-78b2888c2ad2,NILESH RANA,https://play-lh.googleusercontent.com/a-/ALV-UjW3ZGt3Z-Anc1IilYc4kJ3QI4Bt24veXMkPaL-jBXFxkC9LGklK,5.0,Super,0,"September 30, 2022",2022-09-30T15:10:34Z,
7c916cf8-2822-4ec9-a264-31fc4c9699a8,Krishna kumar Kashyap,https://play-lh.googleusercontent.com/a/ACg8ocIwCD1x--NjUKVq7dyQ0E7VQHcqt2CjYUlveEz142MJxJvMSQ=mo,5.0,Very nice,0,"September 23, 2022",2022-09-23T11:14:49Z,"{'title': 'RV AppStudios', 'snippet': 'Thank you for your support', 'date': 'September 29, 2022', 'iso_date': '2022-09-29T07:00:41Z'}"
79d3c0a1-8d3a-4d41-8455-a59c56f14d94,A Google user,https://play-lh.googleusercontent.com/EGemoI2NTXmTsBVtJqk8jxF9rh8ApRWfsIMQSt2uE4OcpQqbFu7f7NbTK05lx80nuSijCz7sc3a277R67g,4.0,My kids love it.,20,"May 20, 2017",2017-05-20T14:10:34Z,"{'title': 'Queleas LLC', 'snippet': 'Excellent.. Thank you so much!!!', 'date': 'May 20, 2017', 'iso_date': '2017-05-20T15:26:56Z'}"
1ec4044a-7696-4d0f-a344-62bda646f2ce,Maymay Bartolome,https://play-lh.googleusercontent.com/a/ACg8ocJU_X6XBxRzWyevZqIzOB3LfQEh5rrFY4TYK5Q87f7hbbBFkA=mo,5.0,Nice,0,"January 18, 2023",2023-01-18T09:34:49Z,"{'title': 'RV AppStudios', 'snippet': 'Thank you for your support.', 'date': 'January 18, 2023', 'iso_date': '2023-01-18T11:47:13Z'}"
014e6633-9474-45fb-aa0b-e2811f2c87ee,Pawan Yadav,https://play-lh.googleusercontent.com/a/ACg8ocLPq6SUdQjfjtGuMYZ7Qk9j3HsqwxAUhhsaoCiWD0u8BPlFWlk=mo,1.0,poor ...,1,"July 15, 2023",2023-07-15T10:01:11Z,"{'title': 'RV AppStudios', 'snippet': 'ğŸ˜”ğŸ˜”ğŸ˜” why 1 star for a free app for kids? What can we improve?', 'date': 'July 17, 2023', 'iso_date': '2023-07-17T10:20:39Z'}"
e8f2e87d-0a77-4699-9e12-43682c456915,A Google user,https://play-lh.googleusercontent.com/EGemoI2NTXmTsBVtJqk8jxF9rh8ApRWfsIMQSt2uE4OcpQqbFu7f7NbTK05lx80nuSijCz7sc3a277R67g,1.0,My grandson did not like it. I didn't either next.,0,"January 19, 2020",2020-01-19T17:35:41Z,"{'title': 'Queleas LLC', 'snippet': 'Sorry to hear that. Please send us your order number and we will refund it.', 'date': 'January 19, 2020', 'iso_date': '2020-01-19T17:39:18Z'}"
6bcdfbd3-4079-43a9-ae85-b164227c9cc1,Rodel Makilan,https://play-lh.googleusercontent.com/a/ACg8ocL_Q-CnwDu64d2j1unTuprB1DdU32wTt9FZAHbjyuiz9_AM_g=mo,5.0,Nice,0,"August 18, 2023",2023-08-18T08:28:25Z,"{'title': 'RV AppStudios', 'snippet': 'Thank you for your support.', 'date': 'September 06, 2023', 'iso_date': '2023-09-06T10:39:01Z'}"
93c885e5-ccc5-4e09-b84e-fdb8144f05dd,Bhogi Mounika,https://play-lh.googleusercontent.com/a-/ALV-UjWf6z0tPfYg6T7B4o9OF-xe_WeYvtXmUtfmXFoHNoDeWi5-uak_,5.0,ğŸ™ğŸ»ğŸ™ğŸ»ğŸ™ğŸ»ğŸ™ğŸ»ğŸ™ğŸ»ğŸ™ğŸ»ğŸ™ğŸ»ğŸ™ğŸ»ğŸ™ğŸ»ğŸ™ğŸ»,0,"September 05, 2024",2024-09-05T16:52:28Z,
99fc34eb-6fa1-4ae3-bd5b-7f86d46df236,Falcon Gaming,https://play-lh.googleusercontent.com/a/ACg8ocKk8M4ZFyLuH-Jqp7KwbTcFpZe_pUc3U6ZJk1nbeaf9kP_rgw=mo,1.0,[Rage],3,"July 04, 2022",2022-07-04T12:04:15Z,"{'title': 'RV AppStudios', 'snippet': 'ğŸ˜±ğŸ˜­ why 1 star?', 'date': 'July 04, 2022', 'iso_date': '2022-07-04T14:50:44Z'}"
ed4b7a0e-816f-4057-a4ec-d6f333e7ade2,Gulshan Katariya,https://play-lh.googleusercontent.com/a-/ALV-UjVzp0OiUeBuXka1TZeMdF-7nEljiw7amBrIF3cNv4Y01W7v7yF98w,5.0,Nice,0,"October 21, 2023",2023-10-21T09:46:59Z,
12c27730-ea23-46e4-b8f9-0deba9d9fed2,Liam Blanco,https://play-lh.googleusercontent.com/a/ACg8ocK0oIKijlLfvtIg6OMmzMXGKo2topSKdRThouEQ2Ur4vuHHKA=mo,5.0,Helpful,0,"June 22, 2022",2022-06-22T15:42:15Z,"{'title': 'RV AppStudios', 'snippet': 'Thank you for your support and review.', 'date': 'June 23, 2022', 'iso_date': '2022-06-23T11:14:28Z'}"
b23d49d0-3e9a-4230-a835-b6d07cbe538b,Sultan Sharef,https://play-lh.googleusercontent.com/a/ACg8ocKdaTrnKe9T9qTLhBPAZy8C6-8WIzfv7SBv4ind8KapBmXADA=mo,5.0,ğŸ˜ ğŸ˜ ğŸ˜ ğŸ˜ ğŸ˜ ğŸ˜ ğŸ˜ ğŸ˜¤ğŸ˜¤ğŸ˜¤ğŸ˜¤ğŸ˜¤ğŸ˜¤ğŸ˜¤ğŸ˜ ğŸ˜¤ğŸ˜¤ğŸ˜ ğŸ˜ ğŸ˜¤ğŸ˜ ğŸ˜¤ğŸ˜ ,0,"December 11, 2022",2022-12-11T08:11:58Z,
4968ce84-3c2c-4eba-8530-d6dd8732df66,Nihaar Sultan,https://play-lh.googleusercontent.com/a/ACg8ocJwIyZgA92iT_K7wPZhIxtSPqfygUnL99SpHhwRXZHfIFFjhw=mo,5.0,Super game,1,"May 30, 2022",2022-05-30T08:26:24Z,"{'title': 'RV AppStudios', 'snippet': 'Thank you. We are happy to know you like it. Please do check out our other games.', 'date': 'May 30, 2022', 'iso_date': '2022-05-30T11:28:08Z'}"
fc2fa5f1-0f33-472e-af42-c6d702b46a16,ricky kanta,https://play-lh.googleusercontent.com/a-/ALV-UjXqNc4UuNMQynzqk32oY4fJY1w8nzuFwsyc5WgWaXcOpr__Q_4,5.0,Good,1,"August 01, 2023",2023-08-01T12:22:39Z,"{'title': 'RV AppStudios', 'snippet': 'Thank you very much for your 5-star review!!!', 'date': 'September 05, 2023', 'iso_date': '2023-09-05T09:41:01Z'}"
31c23ce7-e481-43cb-8b9d-15444cd73480,Md esahaque Ali,https://play-lh.googleusercontent.com/a/ACg8ocIxsSlj_jiSE7jR6AxxlS5RFqcPZ9nng3EMJFB91cdY-8ad8g=mo,5.0,à¦•à§à¦¤à§à¦¤à¦¾à¦° à¦¬à¦¾à¦šà§à¦›à¦¾à¥¤,0,"August 28, 2024",2024-08-28T21:10:28Z,
27d52809-e6b8-433c-bb05-a5528e7f0964,Crizza mae Tobias,https://play-lh.googleusercontent.com/a-/ALV-UjV3XvBVwkGfo45tpYlQ1dFxYkzjK62GP0uHyhXI1Np2QvRiSJ1m,5.0,helpful ğŸ˜,0,"September 23, 2023",2023-09-23T17:20:17Z,"{'title': 'RV AppStudios', 'snippet': 'Glad you like it! :)', 'date': 'October 03, 2023', 'iso_date': '2023-10-03T10:40:21Z'}"
8c73f2b2-311b-41ca-b0c2-24b55f40fd86,Nihaar Sultan,https://play-lh.googleusercontent.com/a/ACg8ocIeUpaAXb7ds11u9w15cODDGB81nRmGcWv3lvqExjpmFo2VZQ=mo,5.0,Super game,0,"November 05, 2022",2022-11-05T02:55:48Z,"{'title': 'RV AppStudios', 'snippet': 'Thank you. We are happy to know you like it. Please do check out our other games.', 'date': 'November 05, 2022', 'iso_date': '2022-11-05T08:36:50Z'}"
cf5be835-620e-4eea-8be1-4de77c05f0b6,Dalip kumar,https://play-lh.googleusercontent.com/a/ACg8ocKRsewcN78xL_aVHbrqswZiSNRexfmbrNRPoHPzxc36JHhmkw=mo,5.0,Amazing game,0,"July 13, 2024",2024-07-13T10:37:42Z,
6df844a1-e0e4-49c1-b299-70605da5decb,Sanjay Goswami Sanjay,https://play-lh.googleusercontent.com/a-/ALV-UjW29qwoUeI1NEL5GefwaXqmPReMOArasp2lFT5ufTKNSeceJv0,5.0,ğŸ‘,0,"January 31, 2024",2024-01-31T12:32:41Z,
ef5cec09-8921-4322-9bd3-bfdbc0d4c71e,Mukesh Jangde,https://play-lh.googleusercontent.com/a-/ALV-UjVCeIZcn9ISeYaAAbruDDLRNXbfsmeoebRKLEL_dJpgloV2wFRD,5.0,Good,0,"August 29, 2023",2023-08-29T14:16:45Z,"{'title': 'RV AppStudios', 'snippet': 'Thank you very much for your 5-star review!!!', 'date': 'September 06, 2023', 'iso_date': '2023-09-06T11:06:01Z'}"
0bdc28d8-3d75-46a2-ac05-6c508734572c,Sama Jeserphy,https://play-lh.googleusercontent.com/a/ACg8ocIbezfoxIgEz2-oyuARkT1e8I3lfhI0sBnSWieDmE-eZXzE_A=mo,1.0,Is good,1,"January 13, 2024",2024-01-13T13:13:06Z,
c2ff26fc-5724-483b-901b-7854b987b0ea,Nega Teshome,https://play-lh.googleusercontent.com/a/ACg8ocKeNR2-wBlZ499J6S4cpvPLCAj4q_1J9ODqPLPtmCebL8zlMUE=mo,5.0,Like It,0,"August 15, 2023",2023-08-15T17:53:33Z,"{'title': 'RV AppStudios', 'snippet': 'Glad you like it! :)', 'date': 'September 06, 2023', 'iso_date': '2023-09-06T10:29:54Z'}"
bc5e13ee-859c-4f7e-b707-c75c45719b84,A Google user,https://play-lh.googleusercontent.com/EGemoI2NTXmTsBVtJqk8jxF9rh8ApRWfsIMQSt2uE4OcpQqbFu7f7NbTK05lx80nuSijCz7sc3a277R67g,4.0,I think it should teach them to read a full book,4,"January 27, 2018",2018-01-27T13:34:29Z,"{'title': 'Queleas LLC', 'snippet': 'Thank you.. yes. We are working on a new game.. ğŸ˜€', 'date': 'January 27, 2018', 'iso_date': '2018-01-27T14:43:18Z'}"
4d0236d1-7d10-4597-ac4d-06ca1e465598,DeNuWan KaUshika,https://play-lh.googleusercontent.com/a/ACg8ocLIg7yUgMHhDS6op83HBae3BzHJkAA00VBDQP0BJCfTgK0kFQ=mo,5.0,à¶¢à·Šà¶©à·Šà¶·à·Šà¶©à·Šà¶¢à·Šà¶¢à·Šà·€à·Šà·ƒà·Šà¶¢à·Šà¶©à·œ,0,"July 09, 2022",2022-07-09T11:19:57Z,
fd0a40bd-c99a-49c9-b068-f89c0ee67185,Meosha Meosha (Memo Daily),https://play-lh.googleusercontent.com/a-/ALV-UjWsWVupknxaBZ14vYR9WLmzE5vh9_WBcYR3cFZq17aKCEJzC6AKuA,5.0,Love learning more,0,"July 02, 2020",2020-07-02T13:53:27Z,"{'title': 'Queleas LLC', 'snippet': 'Thanks a lot', 'date': 'July 02, 2020', 'iso_date': '2020-07-02T13:54:32Z'}"
64d461a3-f704-4c4a-b57b-9f4ad33e5809,A Google user,https://play-lh.googleusercontent.com/EGemoI2NTXmTsBVtJqk8jxF9rh8ApRWfsIMQSt2uE4OcpQqbFu7f7NbTK05lx80nuSijCz7sc3a277R67g,5.0,Love it for my toddler.,0,"September 11, 2017",2017-09-11T21:45:00Z,"{'title': 'Queleas LLC', 'snippet': 'Excellent. Thanks', 'date': 'September 11, 2017', 'iso_date': '2017-09-11T22:05:24Z'}"
6ecb9efb-7435-4c8b-b0e0-938586ca95f5,anaya Jannat,https://play-lh.googleusercontent.com/a/ACg8ocLKpXGhQxVdb2xoWmdHo0S-Q9D0lKQa7CZv7jZAiVLoppFDXA=mo,3.0,Nice apps,1,"August 23, 2022",2022-08-23T10:09:30Z,"{'title': 'RV AppStudios', 'snippet': 'ğŸ˜­ why 3 star? Can you give 5 star if you like game? Every review matters. ğŸ™ ğŸ˜­ğŸ˜”ğŸ˜”ğŸ˜”ğŸ˜”ğŸ˜”ğŸ˜”ğŸ˜”', 'date': 'August 24, 2022', 'iso_date': '2022-08-24T10:34:12Z'}"
19fd4ae1-83c6-4fc6-9f69-7df89acc4b10,Deepak Gajmer,https://play-lh.googleusercontent.com/a-/ALV-UjVXLSOQ2MLpHzMgRwfnnD0Zvwod71WvZu_usMZYp1Vh0ju7n4s,1.0,Good app,1,"January 29, 2023",2023-01-29T11:59:21Z,"{'title': 'RV AppStudios', 'snippet': 'ğŸ˜”ğŸ˜”ğŸ˜” 1 star means very bad. Can you please update your review to 5 stars if you like the game? Every review matters so much and we get so disappointed when we read good game - 1 star. Thank you for updating your review in advance ğŸ™', 'date': 'January 30, 2023', 'iso_date': '2023-01-30T09:18:07Z'}"
4a89b8eb-6c5e-4037-b683-d563e68c41ab,A Google user,https://play-lh.googleusercontent.com/EGemoI2NTXmTsBVtJqk8jxF9rh8ApRWfsIMQSt2uE4OcpQqbFu7f7NbTK05lx80nuSijCz7sc3a277R67g,1.0,Fun Cool Fun,0,"March 26, 2020",2020-03-26T21:04:06Z,
2d7fbc6e-aa3e-4c7c-bff3-0fc55e1933d4,Mehul Malaniya,https://play-lh.googleusercontent.com/a/ACg8ocIe_fCb0gaCKWJZ8KrnxFX7nSXqkRVOPXbBXw1xQ-o_KZLn5g=mo,5.0,â£ï¸ğŸ‘ƒğŸ§’ğŸ¥°,1,"October 15, 2022",2022-10-15T04:42:18Z,
04bcbfc0-30ab-4252-b7ee-432ed6f19151,A Google user,https://play-lh.googleusercontent.com/EGemoI2NTXmTsBVtJqk8jxF9rh8ApRWfsIMQSt2uE4OcpQqbFu7f7NbTK05lx80nuSijCz7sc3a277R67g,5.0,My 3 year old loves it!!,2,"July 16, 2017",2017-07-16T21:40:19Z,"{'title': 'Queleas LLC', 'snippet': 'Excellent.. thank ğŸ¤—ğŸ¤—ğŸ¤—ğŸ¤—ğŸ¤—', 'date': 'July 16, 2017', 'iso_date': '2017-07-16T22:06:18Z'}"
8c6f2426-dc13-47a5-9bb5-40cbd63d6405,Irfana Malek,https://play-lh.googleusercontent.com/a/ACg8ocJoZE-q-Yb91EkIqgtzU-piVJmwkJCEVR-FWiJkmIrStngTaw=mo,5.0,offline,0,"May 16, 2024",2024-05-16T17:41:24Z,
b5db53f5-d724-415d-91d1-aa6d66a91e51,Faith Toledo,https://play-lh.googleusercontent.com/a/ACg8ocLvhqBxZNZJgYWp_UzeV_Y8Qm86qBvYJFlpS0KjNQI4mxCZ=mo,3.0,Educationak,0,"August 17, 2023",2023-08-17T16:52:55Z,"{'title': 'RV AppStudios', 'snippet': 'ğŸ˜±ğŸ˜­ why 3 star? Let us know what we can improve, every review matters. ğŸ™', 'date': 'September 06, 2023', 'iso_date': '2023-09-06T10:36:53Z'}"
1d874386-fc9c-4ea1-ad3d-92ab31c82899,A Google user,https://play-lh.googleusercontent.com/EGemoI2NTXmTsBVtJqk8jxF9rh8ApRWfsIMQSt2uE4OcpQqbFu7f7NbTK05lx80nuSijCz7sc3a277R67g,2.0,"Paid for the full version, hoping there would be more for my 4 yr old to do. However, the extra games I paid for do not have instructions, nor are they intriguing enough to occupy my child's mind. Sorry, I wish I could get a refund.",6,"March 15, 2018",2018-03-15T15:05:28Z,"{'title': 'Queleas LLC', 'snippet': 'Hi. Sorry to hear that. But you can get the refund anytime by using google app directly or by sending the order number to webmaster@queleas.com . Thank you so much.', 'date': 'March 15, 2018', 'iso_date': '2018-03-15T15:29:26Z'}"
e77b3725-7672-40cd-a011-2839ac8f1388,Surekha Singh,https://play-lh.googleusercontent.com/a/ACg8ocIPhfqUku-N5TybVx2TL59cX6Pti_MwkGoprVkcCdHEhbvvAA=mo,5.0,ğŸ‘ŒğŸ‘ŒğŸ‘Œ,0,"November 18, 2022",2022-11-18T14:33:02Z,"{'title': 'RV AppStudios', 'snippet': 'Thank you so much for your encouraging star ratings!', 'date': 'November 21, 2022', 'iso_date': '2022-11-21T13:20:16Z'}"
cfbd5189-bd89-4769-a19b-62567de357cd,Rama Singh,https://play-lh.googleusercontent.com/a/ACg8ocIORPDMmc2sCsx957yPSSP6kp474w7VIBNGTIwayEWDD_fCLw=mo,5.0,Lovely,0,"April 23, 2023",2023-04-23T16:46:47Z,"{'title': 'RV AppStudios', 'snippet': 'Thank you. We are happy to know you like it. Please do check out our other games.', 'date': 'April 26, 2023', 'iso_date': '2023-04-26T11:57:21Z'}"
84b4c558-0066-4df2-aae7-ffe5bae930df,A Google user,https://play-lh.googleusercontent.com/EGemoI2NTXmTsBVtJqk8jxF9rh8ApRWfsIMQSt2uE4OcpQqbFu7f7NbTK05lx80nuSijCz7sc3a277R67g,5.0,great,0,"February 12, 2019",2019-02-12T14:29:56Z,"{'title': 'Queleas LLC', 'snippet': 'Thanks', 'date': 'February 12, 2019', 'iso_date': '2019-02-12T14:35:43Z'}"
acee7682-2231-4f55-aa82-bfc666e487e3,A Google user,https://play-lh.googleusercontent.com/EGemoI2NTXmTsBVtJqk8jxF9rh8ApRWfsIMQSt2uE4OcpQqbFu7f7NbTK05lx80nuSijCz7sc3a277R67g,5.0,Great for my baby sis she is starting school she grown so fast ğŸ˜¢ğŸ˜¢I have to let go,3,"August 10, 2017",2017-08-10T00:32:52Z,"{'title': 'Queleas LLC', 'snippet': 'Thank you for your review.... Mine starts kinder :(', 'date': 'August 10, 2017', 'iso_date': '2017-08-10T02:42:59Z'}"
fe4132f8-c548-4bef-90dc-89b5650d04d1,Arvind Kumar,https://play-lh.googleusercontent.com/a-/ALV-UjVX5AjGQtXhKyv9m1ksbrvgCk6vU5aKE-a5E5N6aKxKug1HfDW_,1.0,Anmol rana,1,"March 07, 2024",2024-03-07T12:36:52Z,
80ab6996-46c6-440e-ade0-71857108825e,Usha Dudhwade,https://play-lh.googleusercontent.com/a/ACg8ocKadAgxQiL0IQF8i2RgdEFnZHOla7u34-o-mkXtnghJYCL1UQ=mo,5.0,ABC,0,"August 08, 2022",2022-08-08T04:21:43Z,
9d54d89a-072b-4071-b3c5-b0d56f203f82,K DHAMAKA MUSIC,https://play-lh.googleusercontent.com/a-/ALV-UjUYpgCLnTFETK3NI3YjrGHOmYoB53ZyMNlpirudD9-RT-qZ3cA,3.0,Khushi kumar singh,0,"October 12, 2023",2023-10-12T01:10:30Z,
128ad5db-5d2d-435d-968c-627f0c29a92c,Waheed jan Waheed jan,https://play-lh.googleusercontent.com/a/ACg8ocKvH7ABzdnr--7cXdiuwnd6uwsTnujGkK9nZ3GycZx6ee3hiw=mo,5.0,Great,0,"March 06, 2023",2023-03-06T17:01:01Z,"{'title': 'RV AppStudios', 'snippet': 'Glad you like it! :)', 'date': 'March 07, 2023', 'iso_date': '2023-03-07T10:12:08Z'}"
c0cdf157-8713-4869-9bd8-067b5b91d742,A Google user,https://play-lh.googleusercontent.com/EGemoI2NTXmTsBVtJqk8jxF9rh8ApRWfsIMQSt2uE4OcpQqbFu7f7NbTK05lx80nuSijCz7sc3a277R67g,5.0,It good it helps my sister,0,"October 19, 2019",2019-10-19T14:51:13Z,"{'title': 'Queleas LLC', 'snippet': 'Awesome.. thank you', 'date': 'October 19, 2019', 'iso_date': '2019-10-19T15:01:02Z'}"
e32c62b1-460d-4f99-ba2e-4665038436c3,Rajkumar banjara,https://play-lh.googleusercontent.com/a/ACg8ocITeJXDXRUBR2pOv0ev3BM4kXRe07oNhCzcdQfO4ZQZGHF8pg=mo,5.0,sarbanbanjara,0,"October 03, 2023",2023-10-03T07:11:46Z,
67693b56-3ea4-4086-8821-7cecb7a1f61c,Junel Guro,https://play-lh.googleusercontent.com/a/ACg8ocJDmrzCyq_PQvnkbtkpgXAZdX0nPeMAdhPBl0W_OirGJa35jw=mo,5.0,ğŸ‘‹ğŸ‘‹ğŸ‘‹ğŸ‘‹,0,"September 09, 2022",2022-09-09T10:24:13Z,"{'title': 'RV AppStudios', 'snippet': 'Thank you so much for your encouraging star ratings!', 'date': 'September 13, 2022', 'iso_date': '2022-09-13T13:28:10Z'}"
9733eacd-9df5-4909-a29e-d480eddd7e36,Kamla Ben Patel,https://play-lh.googleusercontent.com/a/ACg8ocKnRft5fr8NOeJnzwNqn-sCVSWYRZYifXHiG6h5naOFkgpoHg=mo,5.0,KAMLABEN,0,"January 20, 2023",2023-01-20T09:34:27Z,
5887d0d8-7b63-4d58-90f2-2148fca809bb,Yanamala Sunitha Sunitha,https://play-lh.googleusercontent.com/a/ACg8ocIJXap37cUaDTjbVjToMmHdqlT24xR6VLA_OI9g1Ix_tvKXNw=mo,5.0,ğŸ‘Œ excellent,0,"November 05, 2023",2023-11-05T07:06:46Z,"{'title': 'RV AppStudios', 'snippet': 'Thank you very much for your 5-star review!!!', 'date': 'November 15, 2023', 'iso_date': '2023-11-15T12:01:03Z'}"
48af6897-78f8-412d-b6ee-387ac0f55dfb,A Google user,https://play-lh.googleusercontent.com/EGemoI2NTXmTsBVtJqk8jxF9rh8ApRWfsIMQSt2uE4OcpQqbFu7f7NbTK05lx80nuSijCz7sc3a277R67g,5.0,It's a lot of fun spelling out words,4,"March 03, 2019",2019-03-03T19:08:14Z,"{'title': 'Queleas LLC', 'snippet': 'Awesome, thank you.', 'date': 'March 03, 2019', 'iso_date': '2019-03-03T20:17:46Z'}"
8219b5b3-c1ac-4e2b-a5eb-0b7d996659c8,A Google user,https://play-lh.googleusercontent.com/EGemoI2NTXmTsBVtJqk8jxF9rh8ApRWfsIMQSt2uE4OcpQqbFu7f7NbTK05lx80nuSijCz7sc3a277R67g,4.0,It's good for the children. I like it,5,"March 10, 2018",2018-03-10T18:08:04Z,"{'title': 'Queleas LLC', 'snippet': 'Thank you so much', 'date': 'March 10, 2018', 'iso_date': '2018-03-10T23:54:18Z'}"
db198ee3-c7d1-468f-9a02-7c48adb6f4b3,Pushpa Kottu,https://play-lh.googleusercontent.com/a/ACg8ocIhSSj_H3Q2TDGWIhYJou3RSr3zxm29mDwwbcuK4AiLS8mAkQ=mo,5.0,excellent....,0,"October 04, 2022",2022-10-04T15:24:43Z,"{'title': 'RV AppStudios', 'snippet': 'Thank you very much for your 5-star review!!!', 'date': 'October 05, 2022', 'iso_date': '2022-10-05T09:25:21Z'}"
64faff7b-e75a-4883-8422-d3796a919bdf,Mauli Giri,https://play-lh.googleusercontent.com/a-/ALV-UjVSVAszh88PYrjBlp5MjoE3mPrJiWrCnKU1clBZPVij-QrQAjfm,5.0,ok,0,"October 22, 2023",2023-10-22T15:44:36Z,
738d65fe-f49c-4b16-aa8b-293e9918bfdb,Mohd Ruhan,https://play-lh.googleusercontent.com/a/ACg8ocKUH-0D_CGXNZ7Z99VLcioust2y9S2DJLIB3E6RN968RxnhoA=mo,1.0,time west,0,"September 28, 2024",2024-09-28T09:34:54Z,
16adad7c-3646-40f2-af92-d5103213d05d,Salve Bande,https://play-lh.googleusercontent.com/a-/ALV-UjXnITQTmqevPyCGGCA7MwPAvBBUFc9mQ4zFtEWDt-QXaqTz-bU,5.0,So fun for kids,18,"March 31, 2022",2022-03-31T12:46:21Z,"{'title': 'RV AppStudios', 'snippet': 'Thank you. We are happy to know you like it. Please do check out our other games.', 'date': 'April 01, 2022', 'iso_date': '2022-04-01T09:38:52Z'}"
8253d16b-253d-4700-b45a-03006b262e32,Disha Kamble,https://play-lh.googleusercontent.com/a/ACg8ocLMG9HFE9RqD2-BWKHkxVmKLz64cq5PJGAzfT8XyppQLWaG5w=mo,2.0,Sanvi Priyanka à²¥à³à²¯à²¾à²‚à²•à³à²¯à³‚ à²•à³†à²‚à²¬à³‚à²¤ à²¥à³à²¯à²¾à²‚à²•à³à²¯à³‚ à²¸à²®à²¾à²šà²¾à²° à²¥à³à²¯à²¾à²‚à²•à³à²¯à³,0,"August 15, 2023",2023-08-15T09:49:38Z,
788fa0bc-c871-41e2-aa72-6e27e453bd10,Rajuma Nimal,https://play-lh.googleusercontent.com/a/ACg8ocI7H8omtYrvKOj6vHJ7L8-TbRwBfp19wH07lC9ulgfTYYo2JQ=mo,5.0,Good game ğŸ˜ğŸ˜½,0,"April 01, 2023",2023-04-01T08:11:33Z,"{'title': 'RV AppStudios', 'snippet': 'Thank you. We are happy to know you like it. Please do check out our other games. ğŸ™ğŸ’œğŸ¤©', 'date': 'April 04, 2023', 'iso_date': '2023-04-04T07:45:44Z'}"
883c1895-857f-4a8a-81ec-7fbc99b6e2b0,Veronica Arora,https://play-lh.googleusercontent.com/a-/ALV-UjUD0bNftmH8KxVvO4nn0qPFqKaM6n5IoT84CRndLSJdXABudfQ,5.0,I lyk dis game,0,"December 19, 2022",2022-12-19T16:16:38Z,"{'title': 'RV AppStudios', 'snippet': 'Thank you for playing ğŸ˜Šâ¤ï¸ğŸ™', 'date': 'December 20, 2022', 'iso_date': '2022-12-20T09:58:16Z'}"
3c7e84fa-3603-4fae-bd4a-40eaac12dd39,Naresh Makwana Naresh Makwana,https://play-lh.googleusercontent.com/a-/ALV-UjWLhcvKtXAtyZf-tVujbYnFrNUZQBosFpl9SoQBZFIWM37EhMiL3A,5.0,Exilant,0,"July 26, 2024",2024-07-26T10:36:47Z,
454c8471-730e-4c2a-ac13-f9909a13dc53,A Google user,https://play-lh.googleusercontent.com/EGemoI2NTXmTsBVtJqk8jxF9rh8ApRWfsIMQSt2uE4OcpQqbFu7f7NbTK05lx80nuSijCz7sc3a277R67g,5.0,Great kiya,0,"May 23, 2019",2019-05-23T00:05:02Z,"{'title': 'Queleas LLC', 'snippet': 'Thanks', 'date': 'May 23, 2019', 'iso_date': '2019-05-23T00:12:44Z'}"
6acf950f-ce4f-45d1-8543-6f493be42ac1,Anamarie TaÃ±ada,https://play-lh.googleusercontent.com/a-/ALV-UjUPKMHHCibrgJc2l5DjK4VK9mMEjUSo2rAOh_-Xb8cdkhFXrs00,5.0,ğŸ˜ğŸ˜ğŸ˜,0,"August 05, 2022",2022-08-05T07:04:04Z,"{'title': 'RV AppStudios', 'snippet': 'Thank you for â­â­â­â­â­', 'date': 'August 05, 2022', 'iso_date': '2022-08-05T08:03:53Z'}"
681e047a-f4d3-4148-ab4f-52838cca987a,Abosede Gbadamosi,https://play-lh.googleusercontent.com/a/ACg8ocIs-ICo0FVkEPbOPnOpVXYyrWlc0sbbBd51_bjiRoky06anfg=mo,5.0,Fun,1,"June 10, 2023",2023-06-10T11:45:42Z,"{'title': 'RV AppStudios', 'snippet': 'Glad you like it! :)', 'date': 'June 12, 2023', 'iso_date': '2023-06-12T11:52:56Z'}"
72968dca-c438-439e-9ee7-a3b96b40d5f4,Weeha Talib,https://play-lh.googleusercontent.com/a/ACg8ocJ2UE_rfKG6fD9O25AqnygKtLKa_1n70V9yn3-NB-fXVP24dA=mo,5.0,Good,0,"August 27, 2023",2023-08-27T00:16:09Z,"{'title': 'RV AppStudios', 'snippet': 'Thank you very much for your 5-star review!!!', 'date': 'September 06, 2023', 'iso_date': '2023-09-06T11:02:35Z'}"
1a0d12eb-8939-4580-8e61-f6d6d8495d78,Nawjot Singh,https://play-lh.googleusercontent.com/a/ACg8ocLpCeY6HIJs8QCWGKuHiHq8mfMp3__WRIio1DviZDfU9snz=mo,5.0,ih,0,"April 09, 2023",2023-04-09T03:55:42Z,
1ff7223e-40d7-4ba7-9bf2-d587931867db,Wilma Nakalumbila,https://play-lh.googleusercontent.com/a/ACg8ocLpF8wIUXvrFNuf3C_cXs_WPbRrE4xOh-UtekT-F-ZRkrWxlg=mo,5.0,Not working,0,"March 08, 2024",2024-03-08T22:10:00Z,
79a029e6-c017-4bf6-99f9-f042869ab824,Rana Shahid,https://play-lh.googleusercontent.com/a/ACg8ocIBC4S4sXz41fcabtU74MH-6AUijagqWyhPjCuYZIPBE1WFsA=mo,4.0,Ex kg fâ•â•ğŸ…°ğŸ…°ğŸ…°â•â• ğŸ€ğŸ€ğŸ˜ŠğŸ˜ŠğŸ˜ŠğŸ€ğŸ€ ğŸ“–ğŸ“–ğŸ™ğŸ™ğŸ™ğŸ“–ğŸ“–,0,"January 03, 2023",2023-01-03T02:40:37Z,
3d7d1a32-6393-4388-91a4-64e5f507a291,Richa Sahu,https://play-lh.googleusercontent.com/a/ACg8ocJzhNyPu1yIuPebGgMYeBthyjEOFlkC9gxaTeqTMPnv5xmygA=mo,5.0,Good,0,"August 03, 2022",2022-08-03T16:31:22Z,"{'title': 'RV AppStudios', 'snippet': 'Thank you very much for your 5-star review!!!', 'date': 'August 04, 2022', 'iso_date': '2022-08-04T13:16:19Z'}"
429a0cfc-f7b9-44d7-9d24-2eea0b54a246,Noor Sultana,https://play-lh.googleusercontent.com/a/ACg8ocILZnoh3Xu_OSOvgs63REwt464eMKPn0XV04LZO5wvwshlkWg=mo,5.0,Very good,0,"January 08, 2023",2023-01-08T05:21:42Z,"{'title': 'RV AppStudios', 'snippet': 'Thank you very much for your 5-star review!!!', 'date': 'January 09, 2023', 'iso_date': '2023-01-09T13:26:01Z'}"
7388b672-0e74-415b-8e53-bd4c99af2519,Sunil Ram,https://play-lh.googleusercontent.com/a/ACg8ocKd2ScMNPTq-8oC8jBjNjxyftdXJqES7bpc9utOOEiBCx7IFw=mo,5.0,à¤…à¤‚à¤•à¤¿à¤¤,0,"May 05, 2024",2024-05-05T07:37:26Z,
68cefc21-e7db-4035-807c-7ea206dc651a,Ankita Chowdhury,https://play-lh.googleusercontent.com/a/ACg8ocLAuZsXd_wHFnmDU65wD1obfw8BK4JMRLzIBEvwag7TwO3uYg=mo,3.0,Ã‘icÃ«,0,"March 17, 2023",2023-03-17T14:10:56Z,"{'title': 'RV AppStudios', 'snippet': 'ğŸ˜­ why 3 star? Can you give 5 star if you like game? Every review matters. ğŸ™ ğŸ˜­ğŸ˜”ğŸ˜”ğŸ˜”ğŸ˜”ğŸ˜”ğŸ˜”ğŸ˜”', 'date': 'March 20, 2023', 'iso_date': '2023-03-20T08:39:16Z'}"
3c8c33d5-df2f-4cd0-964b-b21afb6436f5,Josna aneesh,https://play-lh.googleusercontent.com/a/ACg8ocK272yhVFE-RBLPgJ4tYMNCHic_d3Yqp7NWiYVCPUluX4EIbA=mo,5.0,",ğŸ’–ğŸ’–ğŸ’–ğŸ’–ğŸ’–ğŸ’–ğŸ’–ğŸ’–ğŸ’–ğŸ’–ğŸ’–ğŸ’–ğŸ’–ğŸ’–ğŸ’–ğŸ’–ğŸ’–ğŸ’–ğŸ’–ğŸ’–ğŸ’–ğŸ’–ğŸ’–ğŸ’–ğŸ’–ğŸ’–ğŸ’–ğŸ’–ğŸ’–ğŸ’ğŸ’–ğŸ’ğŸ’–ğŸ’ğŸ’–ğŸ’ğŸ’–ğŸ’ğŸ’–ğŸ’ğŸ’–",0,"September 24, 2023",2023-09-24T11:10:28Z,"{'title': 'RV AppStudios', 'snippet': 'Thank you for 5 â­ and ğŸ’–', 'date': 'October 03, 2023', 'iso_date': '2023-10-03T10:41:02Z'}"
dc6ffa97-554b-43db-b3e8-4eea51769c7d,Sarah Awuku,https://play-lh.googleusercontent.com/a/ACg8ocI3j7TcHVpM64EfiA5LAHknQ85DqErydnePu3MJgY948sCmiw=mo,5.0,Cool,0,"April 10, 2023",2023-04-10T11:37:13Z,"{'title': 'RV AppStudios', 'snippet': 'Glad you like it! :)', 'date': 'April 12, 2023', 'iso_date': '2023-04-12T08:25:07Z'}"
f19446c7-7134-4d06-bb8e-d342e238a0f3,Akash Bharawaj,https://play-lh.googleusercontent.com/a/ACg8ocIJrJU0EU8Y_hUoYtS83Mio6z9Zsfl5Xl_dUwHMwdG5ZXGz8w=mo,5.0,Super games,0,"September 06, 2023",2023-09-06T02:12:09Z,"{'title': 'RV AppStudios', 'snippet': 'Thank you. We are happy to know you like it. Please do check out our other games.', 'date': 'September 08, 2023', 'iso_date': '2023-09-08T12:10:14Z'}"
981e65ab-b67b-4bcf-ab5c-ab9dd5ae7b37,Vivek Madhok,https://play-lh.googleusercontent.com/a/ACg8ocKc6T0uNZRBDg186ps9zLrUJ7E_8CI6QrOQBtZ6y48hroNxsw=mo,1.0,Very bad,1,"September 10, 2023",2023-09-10T04:02:41Z,"{'title': 'RV AppStudios', 'snippet': 'ğŸ˜” Why 1 star? 1 star for a free app with no ads, no purchases, a game that we made for kids? Let us know what we can improve. ğŸ™ We have worked so hard to create an awesome game for kids. Every review matters.', 'date': 'September 14, 2023', 'iso_date': '2023-09-14T08:16:11Z'}"
71ff25ad-4740-4c29-80c2-5c4996f784ac,Mukaire Allan,https://play-lh.googleusercontent.com/a/ACg8ocLeEJvODyqTi3V5p1IGvhL9UsP4T3mKAUaKKyInPHxr4DSz8Q=mo,1.0,Very,1,"September 08, 2023",2023-09-08T17:41:28Z,
fa15aa15-e64f-4e34-b7b9-c10dfb5365cf,Veena Kirar,https://play-lh.googleusercontent.com/a-/ALV-UjUMfCa-TKqOpSKwy8tivYY38XBsuxRoUTCrjMZEfjBRoYx9lDcTsQ,5.0,à¤¶à¥à¤­à¤®,1,"July 25, 2023",2023-07-25T14:40:51Z,
4435cf43-e40f-45de-9b70-85949db1ce25,Md Taleb,https://play-lh.googleusercontent.com/a/ACg8ocInjpEOHSLZSGNz5omDTlVKXCujcukXTMuRC3aE3MnNQOA_WA=mo,5.0,ğŸ‡¨ğŸ‡®,0,"November 05, 2022",2022-11-05T14:40:34Z,
28e3d72c-df36-4e08-b88e-1a003bc21f6b,Ammar Khan,https://play-lh.googleusercontent.com/a/ACg8ocJx9VOa-Bb6U9kB9XiwLgQH8Hgk3d0pKQ5wG0NYqNFfLBXv7A=mo,5.0,op,0,"July 21, 2022",2022-07-21T16:45:10Z,"{'title': 'RV AppStudios', 'snippet': 'Thanks for the 5 star rating.', 'date': 'July 22, 2022', 'iso_date': '2022-07-22T12:01:54Z'}"
489ce553-8567-4213-8bc9-c74387d9485c,Rukayyah Suleiman,https://play-lh.googleusercontent.com/a/ACg8ocJYjpiZZUgJhp3beNiid5mbYaVY5IrILZWOYjYsOzCdmIxj=mo,5.0,I like it,0,"July 14, 2022",2022-07-14T14:44:01Z,"{'title': 'RV AppStudios', 'snippet': 'Glad you like it! :)', 'date': 'July 15, 2022', 'iso_date': '2022-07-15T08:29:01Z'}"
193a4d83-9004-4bfb-ba18-5e6345eec62d,Mohd Zayd,https://play-lh.googleusercontent.com/a/ACg8ocL6D5ein1VdMOrQ6dQ8TrqB-uBeBBoVx5SF3fLCaPipKOw-Gg=mo,1.0,Very nice,1,"September 19, 2023",2023-09-19T12:55:45Z,"{'title': 'RV AppStudios', 'snippet': 'ğŸ˜¥ğŸ˜” Please update your review, 1 star means very bad and 5 star means Good. Every review matters to us, thank you ğŸ™.', 'date': 'October 03, 2023', 'iso_date': '2023-10-03T10:36:21Z'}"
50cc8b07-7072-4634-88bf-9a681aa3939c,Nnenna David,https://play-lh.googleusercontent.com/a-/ALV-UjUL0lVJ3pDF0t6l6GY0iF0-hPFQErh6bBA1QoGcknpe393VM-1s,5.0,It's good for my son he is 3 years old he loves this app,0,"July 09, 2020",2020-07-09T16:14:41Z,"{'title': 'Queleas LLC', 'snippet': 'Thats great. Thanks a lot', 'date': 'July 09, 2020', 'iso_date': '2020-07-09T16:24:01Z'}"
5381cc0a-c205-4a38-884c-551f3f76dba1,Angelica Yabut,https://play-lh.googleusercontent.com/a/ACg8ocKrYQ-TsrKSolLlrZie8U7ua6lWudGLyT5Pi9kJWqD1mBG6RQ=mo,5.0,48 MB,0,"June 28, 2022",2022-06-28T13:27:59Z,
f4077aa9-18ec-4eda-9dd5-24e88f76cded,Raj Raj,https://play-lh.googleusercontent.com/a-/ALV-UjW3hNTmd3Me1WjVkDhVKaQ3jcUWEGVr589ge5rAHtDVoHfZfDU,5.0,Super,0,"January 09, 2024",2024-01-09T07:57:23Z,
5be650f9-31bd-4a1f-98f8-6d80dd75f578,Rajbir Saroa,https://play-lh.googleusercontent.com/a/ACg8ocJcv9D1ke7vQfwIuoeZfzBYqnKL19TFS442qvf1iSx_5Ric3Q=mo,5.0,Ankita,0,"July 14, 2022",2022-07-14T16:28:22Z,
21cf389d-09ec-4bbd-ae3a-b1152785026b,Manoj Kumar Kumar Manoj,https://play-lh.googleusercontent.com/a/ACg8ocJ8Gm78s4PJfc4qraOKqloq_H5g5kfaZ8qQ5-UPfPWwy-TdQA=mo,5.0,Good app ğŸ‘,0,"June 25, 2024",2024-06-25T14:39:31Z,
1d83979c-08d4-43ed-a809-2fe7d32ec814,A Google user,https://play-lh.googleusercontent.com/EGemoI2NTXmTsBVtJqk8jxF9rh8ApRWfsIMQSt2uE4OcpQqbFu7f7NbTK05lx80nuSijCz7sc3a277R67g,5.0,Very educational and fun!,10,"January 01, 2018",2018-01-01T22:15:23Z,"{'title': 'Queleas LLC', 'snippet': 'Thanks', 'date': 'January 01, 2018', 'iso_date': '2018-01-01T22:19:29Z'}"
22ff62f1-3d7c-4a5a-842a-a891baa997c0,A Google user,https://play-lh.googleusercontent.com/EGemoI2NTXmTsBVtJqk8jxF9rh8ApRWfsIMQSt2uE4OcpQqbFu7f7NbTK05lx80nuSijCz7sc3a277R67g,5.0,my kids love it ğŸ˜ğŸ’™ğŸ’™ğŸ’™ğŸ˜â¤ï¸ğŸ’™ğŸ˜,1,"June 06, 2019",2019-06-06T14:52:06Z,"{'title': 'Queleas LLC', 'snippet': 'AWESOMEE!!!!!!ğŸ‘ŒğŸ‘ŒğŸ‘ŒğŸ‘ğŸ‘ğŸ‘', 'date': 'June 06, 2019', 'iso_date': '2019-06-06T14:53:49Z'}"
94f1f658-b365-456d-9cca-ee069bef2131,A Google user,https://play-lh.googleusercontent.com/EGemoI2NTXmTsBVtJqk8jxF9rh8ApRWfsIMQSt2uE4OcpQqbFu7f7NbTK05lx80nuSijCz7sc3a277R67g,5.0,"Awesome,Easy For their Understanding.. lots Of fun..",4,"March 24, 2019",2019-03-24T08:49:33Z,"{'title': 'Queleas LLC', 'snippet': 'Thanks a lot. Toddlers can really enjoy this game too.', 'date': 'March 24, 2019', 'iso_date': '2019-03-24T13:20:28Z'}"
1ee355e9-5e0e-42d2-b396-200193f3de74,Barti Ban,https://play-lh.googleusercontent.com/a-/ALV-UjUgqezQzBzDOrNDXXgV-bs1DnJZ8Ztt22ujdeE3q8H1eVzq0y4,4.0,Superb,0,"November 19, 2022",2022-11-19T17:33:06Z,"{'title': 'RV AppStudios', 'snippet': 'We are glad you liked the app. We request you to give us a 5-star rating as it is the best encouragement for our team.', 'date': 'November 21, 2022', 'iso_date': '2022-11-21T13:23:47Z'}"
6cbccf05-a74f-4930-940d-3f6b397a349b,Liezel Janio,https://play-lh.googleusercontent.com/a-/ALV-UjXKjS8q28ZdHbNa_OELRcuW92fHALPD24TCF8BVTwtSUe0MTrog,5.0,Nakakatulong po sa anak ko sobra,0,"July 18, 2024",2024-07-18T03:36:35Z,
5cdb286d-b995-446d-bec9-70ac6dade66c,Madeeha Shabir,https://play-lh.googleusercontent.com/a/ACg8ocLfOcEi1_Qc5XKR-MEzbnQPq_QvwVRvNDY2DaXJr8AG98uTxg=mo,5.0,Very good,0,"August 13, 2022",2022-08-13T10:21:55Z,"{'title': 'RV AppStudios', 'snippet': 'Thank you very much for your 5-star review!!!', 'date': 'August 17, 2022', 'iso_date': '2022-08-17T10:48:41Z'}"
31dd9060-1b9a-4b08-8b2b-2f30e750131f,Denfrex Ramos Sr. Ramos,https://play-lh.googleusercontent.com/a/ACg8ocKzAW4vTF91RYkZhmLZvTaApLOXcRz7DB3MF6PxRBs7Blp8EQ=mo,5.0,Kanindontan,0,"May 25, 2022",2022-05-25T03:39:04Z,
7d9611a5-d2f4-4447-b60a-0c1648c078aa,Sam B. Ali,https://play-lh.googleusercontent.com/a-/ALV-UjVfJqplqzxUQHJ6xJZTjOzfE25CJvuIROVbchgWx-e4TlCOphHy,5.0,Nice apps,0,"September 10, 2023",2023-09-10T09:33:26Z,"{'title': 'RV AppStudios', 'snippet': 'Thank you for your support.', 'date': 'September 14, 2023', 'iso_date': '2023-09-14T08:16:26Z'}"
f787f354-fb00-444e-8ac4-1c096530f862,john 3.16,https://play-lh.googleusercontent.com/a-/ALV-UjXFniTIP8uDmP7YRwBafAstGWLnrKVTGVLIK_YWFKNJBU2Q74ry,1.0,Waste of time. Not free.,1,"June 03, 2020",2020-06-03T22:47:59Z,"{'title': 'Queleas LLC', 'snippet': 'Sorry to hear that.. You can play 8 free games in spanish and english.', 'date': 'June 03, 2020', 'iso_date': '2020-06-03T22:57:04Z'}"
7e492007-b83f-4f50-afe5-468190dc69fa,Raju Kumar,https://play-lh.googleusercontent.com/a/ACg8ocJyUZJx75KoyNrPhhLB7n26vh7DenYT_B-NFEnd1SnOXbJ6YA=mo,5.0,Nice app,0,"March 04, 2023",2023-03-04T06:00:47Z,"{'title': 'RV AppStudios', 'snippet': 'Thank you for your review. Keep using our app :) ğŸ‘ğŸ™', 'date': 'March 07, 2023', 'iso_date': '2023-03-07T10:09:10Z'}"
b1c78216-e40c-4142-afa9-fdb0671dba08,A Google user,https://play-lh.googleusercontent.com/EGemoI2NTXmTsBVtJqk8jxF9rh8ApRWfsIMQSt2uE4OcpQqbFu7f7NbTK05lx80nuSijCz7sc3a277R67g,1.0,Awesome,0,"February 14, 2020",2020-02-14T15:23:23Z,"{'title': 'Queleas LLC', 'snippet': 'Thanks.. ğŸ‘', 'date': 'February 14, 2020', 'iso_date': '2020-02-14T15:32:35Z'}"
80b5c230-3340-4372-8b1e-9de0c9715d0a,Bulu Gouda,https://play-lh.googleusercontent.com/a/ACg8ocLnDXJ5Z-P0q6b1lRVQkLCc0tQF0lVAizR2nkj2JanQ8YCGHg=mo,5.0,Best game,0,"August 17, 2024",2024-08-17T05:48:06Z,
1cba7949-266f-4145-815e-a03c547a0d6e,A Google user,https://play-lh.googleusercontent.com/EGemoI2NTXmTsBVtJqk8jxF9rh8ApRWfsIMQSt2uE4OcpQqbFu7f7NbTK05lx80nuSijCz7sc3a277R67g,5.0,Lot of fun,0,"October 28, 2019",2019-10-28T11:11:35Z,"{'title': 'Queleas LLC', 'snippet': 'Thats great.. thanks a lot.', 'date': 'October 28, 2019', 'iso_date': '2019-10-28T11:12:59Z'}"
95552afe-8643-4e8c-916a-a6d169edcd41,Kabelo Tabane,https://play-lh.googleusercontent.com/a/ACg8ocJfcJqJ3G5bhAphvG38vi3C_C1tCGB7YMJZQp375Vopjs184Q=mo,5.0,Would like kids to learn more from this game,0,"May 16, 2024",2024-05-16T19:00:09Z,
9c68a827-2d0d-4d1f-84ef-689140d5457f,Mirza hashir,https://play-lh.googleusercontent.com/a-/ALV-UjUV1MixrRZL6jzE29w-QalECGKL89Rhqi8-r3KLzhjP7lm_lOE,5.0,Nice gameğŸ˜„ğŸ˜„ğŸ˜„ğŸ˜„ğŸ˜„ğŸ˜„ğŸ˜„ğŸ˜„ğŸ˜„,0,"December 11, 2023",2023-12-11T18:38:36Z,"{'title': 'RV AppStudios', 'snippet': 'Thank you. We are happy to know you like it. Please do check out our other games.', 'date': 'December 12, 2023', 'iso_date': '2023-12-12T09:45:44Z'}"
31e79bfa-e5d4-470e-8393-e9cd52ee25a2,Sumit Kumar,https://play-lh.googleusercontent.com/a/ACg8ocJtX90Dq-TukzSn-PmNFImFYtwC8e8bavCq-vZD0pSaxhz1zg=mo,5.0,Krish,0,"December 06, 2022",2022-12-06T18:00:34Z,
706f4827-26a6-4c7a-8fb2-db3c958b12ac,A Google user,https://play-lh.googleusercontent.com/EGemoI2NTXmTsBVtJqk8jxF9rh8ApRWfsIMQSt2uE4OcpQqbFu7f7NbTK05lx80nuSijCz7sc3a277R67g,5.0,My three year old daughter loves this game so much she wants to learn,1,"September 14, 2017",2017-09-14T22:24:49Z,"{'title': 'Queleas LLC', 'snippet': 'Excellent.. Thank you so much for your review. !!! :)', 'date': 'September 14, 2017', 'iso_date': '2017-09-14T22:50:24Z'}"
6eeec723-4ab8-429e-a3e0-3375d6258c64,Maria Greats,https://play-lh.googleusercontent.com/a/ACg8ocJ-iOXvhV6wipW8jBJQy6jFTN4oNcqwgEoDsWh_QHsRMoMA0A=mo,5.0,Better,1,"June 12, 2023",2023-06-12T03:08:46Z,"{'title': 'RV AppStudios', 'snippet': 'Thank you for your support.', 'date': 'June 12, 2023', 'iso_date': '2023-06-12T12:07:59Z'}"
301256f5-19c1-426b-91de-d6480079f0ea,Jite Rajbhar,https://play-lh.googleusercontent.com/a-/ALV-UjVht8AkotmAx_8Io41HUi_JcARbBgUZy5vmyykdue8IaMnR-vs-,3.0,Amit Rajbhar,0,"March 25, 2024",2024-03-25T06:14:34Z,
976a8f74-3882-4f66-958e-891b7ffde2c8,Sandhya Rai,https://play-lh.googleusercontent.com/a/ACg8ocJCJznHR9AphxT9lCCXfX7bLJkwfk8BAGWut_AVrALx5jevtw=mo,5.0,Good app,0,"March 31, 2024",2024-03-31T15:08:59Z,
0396f208-dd8e-41dc-936b-d72eda5d6ecf,A Google user,https://play-lh.googleusercontent.com/EGemoI2NTXmTsBVtJqk8jxF9rh8ApRWfsIMQSt2uE4OcpQqbFu7f7NbTK05lx80nuSijCz7sc3a277R67g,5.0,Good game for littles.,0,"May 30, 2019",2019-05-30T23:21:41Z,"{'title': 'Queleas LLC', 'snippet': 'Thanks a lot. ğŸ‘Œ', 'date': 'May 30, 2019', 'iso_date': '2019-05-30T23:22:45Z'}"
f66c3b82-bd42-4612-84bb-da7083de9bcf,Stainly chen Lucero,https://play-lh.googleusercontent.com/a-/ALV-UjUGUAZ_699mL60cVoGmjqpe2cUhlHsGSk6NEGFwLMwcg1rw-nk,5.0,ğŸ˜ğŸ˜ğŸ˜ğŸ˜,0,"September 08, 2022",2022-09-08T12:39:00Z,"{'title': 'RV AppStudios', 'snippet': 'Thank you for 5 â­ and ğŸ˜', 'date': 'September 09, 2022', 'iso_date': '2022-09-09T09:19:55Z'}"
1959c90d-ee14-4ec9-9ce4-ff49ef9e2e19,Delci K,https://play-lh.googleusercontent.com/a-/ALV-UjXnQf9jdXuuUZtw8hjoxyxfiubK9GRzOozDqWbnG8AeJ1JRrryF,5.0,My 4 yr old with adhd is so entertained with this app and it's educational! Best learning app I've tried!,33,"May 11, 2020",2020-05-11T13:24:45Z,"{'title': 'Queleas LLC', 'snippet': 'Thats GREAT. Thank you so much!!!', 'date': 'May 11, 2020', 'iso_date': '2020-05-11T13:47:46Z'}"
d91e05b5-d8b5-40ac-b8df-d474c796a27e,Rabina Karki,https://play-lh.googleusercontent.com/a/ACg8ocIugHW8fiG_RmRvzN2FZlKO093YLv7Z-gYJJNMyHgZ_2Ttn=mo,5.0,Great app,0,"June 18, 2024",2024-06-18T13:13:35Z,
47c94f41-c9d4-4598-9eb0-b6f1b005708d,Shekar Penumerthi,https://play-lh.googleusercontent.com/a/ACg8ocIfwLL_VSQe9R1Lm7pu0Z7L_9PHCxfkfGIk03GzuorCy2LjyQ=mo,5.0,ğŸ¥°ğŸ¥°ğŸ¥°ğŸ˜€ğŸ˜ŠğŸ˜ŠğŸ˜Š,0,"October 15, 2023",2023-10-15T16:36:09Z,
5b6e15b3-d20c-4319-a9a2-b2d839450f60,Sharon Silvano,https://play-lh.googleusercontent.com/a/ACg8ocLk3--jehiR3osy9ODe3mTRli2igRme4C0NirDEFVdZS2rDqQ=mo,5.0,Very nice,0,"April 10, 2023",2023-04-10T02:10:35Z,"{'title': 'RV AppStudios', 'snippet': 'Thank you. We are happy to know you like it. Please do check out our other games.', 'date': 'April 12, 2023', 'iso_date': '2023-04-12T08:24:46Z'}"
077a8d8a-196c-4a3d-9dc8-820b054a844d,A Google user,https://play-lh.googleusercontent.com/EGemoI2NTXmTsBVtJqk8jxF9rh8ApRWfsIMQSt2uE4OcpQqbFu7f7NbTK05lx80nuSijCz7sc3a277R67g,1.0,I'm hoping you will fix the selection in the app for restoring the purchase. My son loves this app and it has taught him a lot. I just got a new improved device and your app is refusing to allow us to restore to full version. I DO NOT want my money back. I want the app to work since I already paid for it.,19,"October 30, 2019",2019-10-30T22:44:01Z,"{'title': 'Queleas LLC', 'snippet': 'Hi.. sorry to hear that. We will check that issue.. please send us an email to webmaster@queleas.com with your purchase order. I can refund your old purchase and you can buy it again on the new device.', 'date': 'October 30, 2019', 'iso_date': '2019-10-30T22:17:24Z'}"
77b1343c-e340-4397-bdb5-65179fd70c1f,maddikunta sanjeeva,https://play-lh.googleusercontent.com/a/ACg8ocKDB8Q30i6VDjQVRl0sYQXvvbl1MT2uYxyMg9pRsnhf6Y66Fg=mo,5.0,OK,0,"August 12, 2022",2022-08-12T09:28:23Z,"{'title': 'RV AppStudios', 'snippet': 'Thank you for â­â­â­â­â­', 'date': 'August 12, 2022', 'iso_date': '2022-08-12T11:30:40Z'}"
476e3721-6c8c-452d-9b4f-7342e950ac7e,MD GOUSE PASHA,https://play-lh.googleusercontent.com/a/ACg8ocJN9vRmKEvjp8IanDY9iJC89hRX4sBuXoQY3ofRiauH-Zzrww=mo,5.0,ğŸ¥°,0,"December 28, 2023",2023-12-28T07:12:48Z,
0abb119e-2183-42d1-ae0d-dba0f22c2696,Chandan sah,https://play-lh.googleusercontent.com/a/ACg8ocLgOhRFkltsScPXpEHeDGx6QOCLiyaQG-4T2_ntrCZU9LM3eA=mo,5.0,Gaurav,0,"September 18, 2023",2023-09-18T04:11:46Z,
3a96c39c-a3fe-490d-905c-e9580025cb84,Henry Chindalo,https://play-lh.googleusercontent.com/a/ACg8ocK-q2JQ0LD9N_pDClCdT5HH0cOs19er6r_rxPw6iTLALwInxQ=mo,5.0,My husband will be home soon,0,"December 03, 2023",2023-12-03T15:09:37Z,
0cd3e41d-8192-4f80-87f0-3612b8e9fd4d,A Google user,https://play-lh.googleusercontent.com/EGemoI2NTXmTsBVtJqk8jxF9rh8ApRWfsIMQSt2uE4OcpQqbFu7f7NbTK05lx80nuSijCz7sc3a277R67g,5.0,2 year old loves this app,26,"May 17, 2017",2017-05-17T00:21:13Z,"{'title': 'Queleas LLC', 'snippet': 'Thank you so much for your review :) :)', 'date': 'May 17, 2017', 'iso_date': '2017-05-17T00:52:48Z'}"
89c2de56-e176-46c1-b034-c631b443ae9f,mandalay thar,https://play-lh.googleusercontent.com/a/ACg8ocIrPzoUPhkE002TnPlAL61nK5Q8VdkMUQR95g_YoF1Fvo_ptw=mo,5.0,á€·â€‹á€¼â€‹á€¼â€‹á€¼â€‹á€¼á€˜á€¼á€˜á€˜á€˜á€˜á€á€œá€œá€˜á€˜á€˜á€·á€«á€˜á€˜á€œá€œá€œá€˜á€˜ á€Ÿá€Ÿá€Ÿá€Šá€Šá€Šá€Šá€Ÿá€Ÿá€Ÿá€Ÿá€Ÿá€Ÿá€Ÿá€Ÿá€Ÿá€Ÿá€Ÿá€Ÿá€Ÿá€Ÿá€Š á€Š á€Šá€Šá€Šá€Šá€Šá€Šá€Š á€˜ á€Šá€Šá€˜á€˜á€˜á€˜á€˜ á€á€ºá€™á€”á€”á€”á€­á€»á€»á€»á€á€á€«á€·á€˜á€˜á€·á€·á€·á€·á€•á€²á€•á€·á€·á€•á€¡á€¡á€¡á€·â€‹á€¼á€˜á€¼á€œá€˜á€˜á€˜á€˜á€˜á€˜á€˜á€˜,0,"June 13, 2024",2024-06-13T09:57:33Z,
1cbdea3f-d2d2-4a00-9211-1220f0fd5bfd,Muhammad Wajahat,https://play-lh.googleusercontent.com/a-/ALV-UjXueEYznEdhOzn5yfiu2NnZ8fB2ptZnnx6k6Ku5b4RhIXlppFL8,1.0,worst game,0,"April 04, 2024",2024-04-04T18:07:14Z,"{'title': 'RV AppStudios', 'snippet': 'ğŸ˜” Why 1 star? 1 star for a free app with no ads, no purchases, a game that we made for kids? Let us know what we can improve. ğŸ™ We have worked so hard to create an awesome game for kids. Every review matters.', 'date': 'April 05, 2024', 'iso_date': '2024-04-05T12:44:06Z'}"
d670b2be-230c-4417-85bb-983e7cdf0553,Mukhtar Ahmad,https://play-lh.googleusercontent.com/a/ACg8ocIDMIlInpd_DJsaHCH_exX67g3lbcsLKNdJ-BFH5XCwzgk2Zg=mo,5.0,Kidsgame,0,"August 12, 2024",2024-08-12T09:10:15Z,
071e449b-244c-4209-a94e-e1c4905ef733,A Google user,https://play-lh.googleusercontent.com/EGemoI2NTXmTsBVtJqk8jxF9rh8ApRWfsIMQSt2uE4OcpQqbFu7f7NbTK05lx80nuSijCz7sc3a277R67g,4.0,My son loves it,1,"June 01, 2017",2017-06-01T01:15:42Z,"{'title': 'Queleas LLC', 'snippet': 'Awesomeee. Thank you so much.', 'date': 'June 01, 2017', 'iso_date': '2017-06-01T02:30:00Z'}"
75fe02e3-e97a-44f1-acf3-3779a70a60d1,A Google user,https://play-lh.googleusercontent.com/EGemoI2NTXmTsBVtJqk8jxF9rh8ApRWfsIMQSt2uE4OcpQqbFu7f7NbTK05lx80nuSijCz7sc3a277R67g,5.0,I love it,1,"June 11, 2018",2018-06-11T18:32:45Z,"{'title': 'Queleas LLC', 'snippet': 'Thank you. ğŸ˜€ğŸ˜€ğŸ˜€', 'date': 'June 11, 2018', 'iso_date': '2018-06-11T19:23:16Z'}"
7b93b7f6-aa39-48d0-93d9-6523ce4566ae,KHANSAA Ali,https://play-lh.googleusercontent.com/a/ACg8ocKzsyA7uyVfkhspHmKzzPsyvOEnDXXeBxUTPTz1avh95pqdvw=mo,5.0,ğŸ˜ğŸ˜ğŸ˜ğŸ˜,0,"May 14, 2020",2020-05-14T18:31:07Z,"{'title': 'Queleas LLC', 'snippet': 'ğŸ‘ğŸ‘ğŸ‘', 'date': 'May 14, 2020', 'iso_date': '2020-05-14T18:40:46Z'}"
2fea7201-a755-46c7-999c-50c5bd727839,SUDHIR KUMAR,https://play-lh.googleusercontent.com/a/ACg8ocKwyARXEYSlVII-v_QJQnaQNXrtuB2F5MABQKMGcujSBgN1GQ=mo,4.0,ğŸ˜ˆğŸ˜ˆ,1,"March 10, 2024",2024-03-10T15:31:25Z,
4a7a9738-69ab-4f6c-85f5-b033d467fdc1,Ahmed Ali,https://play-lh.googleusercontent.com/a/ACg8ocJHoiw6PmecyOnJaqNfD1XepE99q9Z9f-WBKHip5B0UhVAvdw=mo,5.0,Ahmed Ali fat,0,"June 18, 2022",2022-06-18T07:40:39Z,
a40a9aae-7b17-4eca-952d-cc3c05052c6d,Prem Parkash,https://play-lh.googleusercontent.com/a/ACg8ocLuwuKajxGtW2ECN988m9QyO5OOjXX54gZBejp9Yu3Y1Rgoxw=mo,3.0,à¤…à¤®à¤¿à¤¤,0,"September 01, 2024",2024-09-01T03:11:55Z,
08cc9652-1b06-47f8-8bda-372330ab9789,Hezekia Juma,https://play-lh.googleusercontent.com/a-/ALV-UjVkY5kmEff8JhJ1NWn5bT042-YTe0Wfrz6cWcfiVPoht0mXN3ZN,5.0,good,0,"October 14, 2022",2022-10-14T18:10:02Z,"{'title': 'RV AppStudios', 'snippet': 'Thank you very much for your 5-star review!!!', 'date': 'October 19, 2022', 'iso_date': '2022-10-19T08:56:02Z'}"
3c88bff3-48a0-4ca3-9f5e-606c7006c05f,Zanri Giessing,https://play-lh.googleusercontent.com/a/ACg8ocJU1N3h9y_e0BOgvEbx5RnNMi1bk0zyLKxcF-qXK5XNvme57Q=mo,5.0,Zanri wh,0,"November 20, 2022",2022-11-20T12:39:22Z,
ed6a63c3-a473-4ecc-b54e-2a41fd4f6b1d,Ronalyn Marvin Rodela,https://play-lh.googleusercontent.com/a-/ALV-UjU0F7ZRl9ez9-E5XANF-4mHaFNuPQfO0buf5jU8EVpxLCCo8dk,5.0,Thats good,0,"August 23, 2022",2022-08-23T09:17:23Z,"{'title': 'RV AppStudios', 'snippet': 'Thank you. We are happy to know you like it. Please do check out our other games.', 'date': 'August 24, 2022', 'iso_date': '2022-08-24T10:33:54Z'}"
7f702c21-b977-43c6-a11c-8985621fa25e,Kumari Kumari,https://play-lh.googleusercontent.com/a/ACg8ocJeTDQFjGBiihO30pO_GivOOsSA78yNDMZSxBKwSi7IttKPeQ=mo,5.0,Oswm,0,"February 08, 2023",2023-02-08T10:13:45Z,"{'title': 'RV AppStudios', 'snippet': 'Glad you like it! :)', 'date': 'February 14, 2023', 'iso_date': '2023-02-14T12:04:18Z'}"
0b1bb518-c572-4a5b-83c4-feb93db54af9,A Google user,https://play-lh.googleusercontent.com/EGemoI2NTXmTsBVtJqk8jxF9rh8ApRWfsIMQSt2uE4OcpQqbFu7f7NbTK05lx80nuSijCz7sc3a277R67g,4.0,Kids can access ads,1,"November 20, 2019",2019-11-20T04:58:41Z,
41c3765b-66a6-4b06-8361-8fa2522c12e4,Brij kishor Yadav,https://play-lh.googleusercontent.com/a-/ALV-UjUJY9OkQhY397mzDCyfkgSOxV8Lt0QJO0iuIpJTnnFr0O_UFYA,5.0,Kidsgamesfortod,0,"December 27, 2023",2023-12-27T07:39:57Z,
4755ad62-74a4-49ba-9efe-540af4c22e30,royu zure,https://play-lh.googleusercontent.com/a-/ALV-UjULX8nQo1P2Ukqm1hqfFzKuWAPRjvJddlvuffxA6-1YQ9tE02s,5.0,Very nice to open there's mind for kids apps. For My kids for learning how to do it well in the best way to pickup the course learning.,0,"October 31, 2023",2023-10-31T06:34:54Z,"{'title': 'RV AppStudios', 'snippet': ""Glad you like it! :) Be sure to share with friends and family, it's support from parents that has helped us reach more kids ğŸ‘ğŸ¤©ğŸ™"", 'date': 'February 23, 2023', 'iso_date': '2023-02-23T10:43:52Z'}"
7d61bd20-ca91-498f-a73c-2fa593c54e9a,RINA PARAMANIK,https://play-lh.googleusercontent.com/a/ACg8ocK_I1hflpsK8GN4Akqm7Udfu3YgUNWX_2jB0n77BnISUnq3ow=mo,5.0,Ujujd,0,"September 06, 2022",2022-09-06T15:53:52Z,
3c920940-042c-46bc-9343-aea9a2bb78b9,Cristine Salvador,https://play-lh.googleusercontent.com/a/ACg8ocIAmT4bfAV2Dg4Drtb5o2wDa3JKiIXKZ0qR06olcFKsaXKMYA=mo,5.0,Oo hi hahaha hahahahahah hahahahahaha ub,0,"October 10, 2023",2023-10-10T01:49:11Z,
d1193d8b-7021-4c64-8490-9b3fc5e61b45,Susant Shingh,https://play-lh.googleusercontent.com/a/ACg8ocLfEp52bS-F1EdkgiAwud0NeC_C3J3rHM2kbLKv1BPmWmX2rg=mo,5.0,ğŸ™‚â¤,0,"March 24, 2024",2024-03-24T14:50:06Z,
fa2872a1-72bb-47f7-8a6e-883344acfb64,A Google user,https://play-lh.googleusercontent.com/EGemoI2NTXmTsBVtJqk8jxF9rh8ApRWfsIMQSt2uE4OcpQqbFu7f7NbTK05lx80nuSijCz7sc3a277R67g,3.0,The motion is too sensitive,1,"December 14, 2018",2018-12-14T06:38:56Z,"{'title': 'Queleas LLC', 'snippet': 'Hi, thank you for your review. We will check it.', 'date': 'December 14, 2018', 'iso_date': '2018-12-14T13:17:53Z'}"
02b142c3-1c4b-47cf-a1b8-22561860d2f3,A Google user,https://play-lh.googleusercontent.com/EGemoI2NTXmTsBVtJqk8jxF9rh8ApRWfsIMQSt2uE4OcpQqbFu7f7NbTK05lx80nuSijCz7sc3a277R67g,1.0,won'tet us play the game even after I paid toninlock everything p,0,"May 03, 2019",2019-05-03T20:49:32Z,"{'title': 'Queleas LLC', 'snippet': 'Please contact us at webmaster@queleas.com', 'date': 'May 03, 2019', 'iso_date': '2019-05-03T21:05:42Z'}"
d34b0fb0-9f3a-4fe5-bb1d-75f8f3667abd,A Google user,https://play-lh.googleusercontent.com/EGemoI2NTXmTsBVtJqk8jxF9rh8ApRWfsIMQSt2uE4OcpQqbFu7f7NbTK05lx80nuSijCz7sc3a277R67g,1.0,"Way too many ads. My son can't do anything without hitting an ad. You also have to pay to get the other half of the alphabet in the coloring game, among other things. So frustrating.",9,"September 29, 2018",2018-09-29T18:07:06Z,"{'title': 'Queleas LLC', 'snippet': 'Hi, thank you for your review... We have 6 free games that you can enjoy..', 'date': 'October 14, 2018', 'iso_date': '2018-10-14T01:03:20Z'}"
71ee4aa1-4233-478e-9f44-89c5d9fb388a,rhia ria,https://play-lh.googleusercontent.com/a-/ALV-UjXu2XMVes3gBXQMA93eBNDa5s7Q8NIJFecDEjPIDWcgtI_s0zs,5.0,Good,0,"November 25, 2023",2023-11-25T03:20:42Z,"{'title': 'RV AppStudios', 'snippet': 'Glad you like it! :)', 'date': 'November 25, 2023', 'iso_date': '2023-11-25T13:07:29Z'}"
5830f9a9-5853-4483-ab45-d037cd847f49,Thando Mwelase,https://play-lh.googleusercontent.com/a/ACg8ocK-gO1LBBaIUxo1mF0lhpccr8Dt8mILhASY4GVjTbMHpwFrUg=mo,5.0,Not sure,0,"December 05, 2022",2022-12-05T13:48:19Z,"{'title': 'RV AppStudios', 'snippet': 'Thank you so much for your encouraging star ratings!', 'date': 'December 09, 2022', 'iso_date': '2022-12-09T09:03:08Z'}"
74a139d5-726a-4bd2-8c50-21633a971731,Nana Odenehu,https://play-lh.googleusercontent.com/a-/ALV-UjUVQdigmxb-v1xD2ANAMAasKzmGQ2NVU38rPGQhPUvFF-1hAqw,4.0,This game is fun for children like 5 years and below.,0,"August 24, 2022",2022-08-24T17:58:11Z,
d45a1100-82b9-4665-a926-820c1ed8a49f,Marvin Tanieza,https://play-lh.googleusercontent.com/a/ACg8ocKo5jRzloJIdXYAm2_INFm-X6sutgV72wCVyoOvYDuHQ9QQ1Q=mo,2.0,Ok,7,"June 04, 2022",2022-06-04T03:32:29Z,"{'title': 'RV AppStudios', 'snippet': 'Why 2 ğŸŒŸ?', 'date': 'June 08, 2022', 'iso_date': '2022-06-08T10:24:00Z'}"
